PRAGMA foreign_keys=OFF;
BEGIN TRANSACTION;
CREATE TABLE IF NOT EXISTS "seaql_migrations" ( "version" varchar NOT NULL PRIMARY KEY, "applied_at" integer NOT NULL );
INSERT INTO seaql_migrations VALUES('m20260217_143820_create_snippet_table',1772089687);
INSERT INTO seaql_migrations VALUES('m20260217_150510_create_sync_queue_table',1772089687);

INSERT INTO seaql_migrations VALUES('m20260218_110352_create_note_table',1772089687);
INSERT INTO seaql_migrations VALUES('m20260218_110353_create_note_category_table',1772089687);
INSERT INTO seaql_migrations VALUES('m20260218_171131_create_todo_table',1772089687);
INSERT INTO seaql_migrations VALUES('m20260218_204212_create_bookmarks_table',1772089687);
INSERT INTO seaql_migrations VALUES('m20260219_214114_add_due_time_to_todo',1772089687);
INSERT INTO seaql_migrations VALUES('m20260221_065202_create_reminder_table',1772089687);
INSERT INTO seaql_migrations VALUES('m20260221_065819_create_recycle_bin',1772089687);
INSERT INTO seaql_migrations VALUES('m20260221_065938_create_user_preference_table',1772089687);
INSERT INTO seaql_migrations VALUES('m20260224_214545_create_workspaces',1772089687);
INSERT INTO seaql_migrations VALUES('m20260224_220314_add_workspace_id_to_snippet_entities',1772089687);
INSERT INTO seaql_migrations VALUES('m20260224_221032_add_workspace_id_to_notes_entities',1772089687);
INSERT INTO seaql_migrations VALUES('m20260224_221334_add_workspace_id_to_todo_entities',1772089687);
INSERT INTO seaql_migrations VALUES('m20260224_221502_add_workspace_id_to_bookmark_entities',1772089687);
INSERT INTO seaql_migrations VALUES('m20260224_221622_add_workspace_id_to_reminder_entities',1772089687);
INSERT INTO seaql_migrations VALUES('m20260224_221707_add_workspace_id_to_recycle_bin_entities',1772089687);
INSERT INTO seaql_migrations VALUES('m20260225_221818_drop_notes_new',1772089687);
INSERT INTO seaql_migrations VALUES('m20260226_063044_make_notes_categories_optional',1772089687);
INSERT INTO seaql_migrations VALUES('m20260226_064924_drop_notes_new',1772089687);
INSERT INTO seaql_migrations VALUES('m20260304_080239_create_default_workspace',1772622657);
INSERT INTO seaql_migrations VALUES('m20260314_150343_create_trigger_for_bookmarks',1773503573);
INSERT INTO seaql_migrations VALUES('m20260327_000000_add_workspace_id_to_user_preference',1774730545);
INSERT INTO seaql_migrations VALUES('m20260331_000000_add_workspace_flags',1774950815);
INSERT INTO seaql_migrations VALUES('m20260403_000000_add_workspace_security',1775214451);
INSERT INTO seaql_migrations VALUES('m20260501_000000_fix_sync_queue_uuid_triggers',1779126574);
INSERT INTO seaql_migrations VALUES('m20260518_000000_remove_email_unique_constraint_from_user_preference',1779126574);
CREATE TABLE IF NOT EXISTS "sync_queue" ( "identifier" uuid_text NOT NULL PRIMARY KEY, "table_name" varchar NOT NULL, "record_identifier" varchar NOT NULL, "operation" varchar NOT NULL, "created_at" varchar NOT NULL );
INSERT INTO sync_queue VALUES(X'a4601277796eb8438e7535a791373df8','workspaces','ed42af204199419299e0965e2263d49e','UPDATE','2026-05-18 17:50:34');
INSERT INTO sync_queue VALUES(X'9a8ad413fa80055dcb8fc7039fcce4f4','recycle_bin','5bc1d384c59f470fb9130d35fa985d64','INSERT','2026-05-18 17:51:03');
INSERT INTO sync_queue VALUES(X'b4efc3031c2d8d57647497e76cb7c09e','notes','fc545ce48721493db3b1df59c31fd291','DELETE','2026-05-18 17:51:03');
INSERT INTO sync_queue VALUES(X'f2272b3b6e1d534be1eb956965aabd99','workspaces','ed42af204199419299e0965e2263d49e','UPDATE','2026-05-18 17:51:33');
INSERT INTO sync_queue VALUES(X'71ae8e62f6b93342cd048f11273454f1','notes','f4db303652a94b9abd7f7a8ba14cfca7','INSERT','2026-05-18 17:58:58');
INSERT INTO sync_queue VALUES(X'abde44a0882dddb5df6fcc39e330db42','notes','f4db303652a94b9abd7f7a8ba14cfca7','UPDATE','2026-05-18 18:02:14');
INSERT INTO sync_queue VALUES(X'5c3a3b4e865fb73dad4b5131eb21abe5','notes','26c78cad81d44a2cb40f492e00ea8485','INSERT','2026-05-20 13:17:22');
INSERT INTO sync_queue VALUES(X'b24b5c7bdbf6796aec6467c75bc63061','notes','26c78cad81d44a2cb40f492e00ea8485','UPDATE','2026-05-20 14:13:22');
INSERT INTO sync_queue VALUES(X'320f7e9d7d7bfd4025b065560515d735','notes','26c78cad81d44a2cb40f492e00ea8485','UPDATE','2026-05-20 14:17:42');
INSERT INTO sync_queue VALUES(X'79f8a15dd1022b8d5a12775c7ab3b632','notes','26c78cad81d44a2cb40f492e00ea8485','UPDATE','2026-05-20 14:22:45');
INSERT INTO sync_queue VALUES(X'ed70876360916fb1c486fbce1ab9c2e4','notes','78fe570964e54805934b096b5d845d7d','UPDATE','2026-05-20 19:14:22');
INSERT INTO sync_queue VALUES(X'4b2004b0fe683e1ec1897a16222c6baa','notes','78fe570964e54805934b096b5d845d7d','UPDATE','2026-05-20 19:15:46');
INSERT INTO sync_queue VALUES(X'a4bc8fc85be617d7b877c71b9f92e66c','notes','78fe570964e54805934b096b5d845d7d','UPDATE','2026-05-20 19:16:16');
INSERT INTO sync_queue VALUES(X'9173368945d0c95e79f17634c052dbe9','notes','78fe570964e54805934b096b5d845d7d','UPDATE','2026-05-20 19:19:19');
INSERT INTO sync_queue VALUES(X'993c6e1d3eebb35b51342f34499141ef','notes','8d89177a14084df58bcce54df0d2517f','INSERT','2026-05-23 10:15:42');
INSERT INTO sync_queue VALUES(X'ad156e10e3d0c812a51d54fdfb6266da','notes','672a8e6a7fec402d917309902fdfc319','INSERT','2026-05-26 09:19:38');
INSERT INTO sync_queue VALUES(X'989ce60d2ea114d39f034aaa35e5241b','notes','f4db303652a94b9abd7f7a8ba14cfca7','UPDATE','2026-05-27 15:32:43');
INSERT INTO sync_queue VALUES(X'275d9b869dca4ef60a0f933333790acf','notes','f4db303652a94b9abd7f7a8ba14cfca7','UPDATE','2026-05-27 15:33:18');
INSERT INTO sync_queue VALUES(X'5ff442e8525844ee48399e4693dfefa7','notes','f4db303652a94b9abd7f7a8ba14cfca7','UPDATE','2026-05-27 18:08:55');
INSERT INTO sync_queue VALUES(X'56c481b64be5fb9de6a1f3750f80426d','notes','f4db303652a94b9abd7f7a8ba14cfca7','UPDATE','2026-05-27 18:36:20');


CREATE TABLE IF NOT EXISTS "note_categories" ( "identifier" uuid_text NOT NULL PRIMARY KEY, "label" varchar NOT NULL, "description" text NULL );
CREATE TABLE IF NOT EXISTS "workspaces" ( "identifier" uuid_text NOT NULL PRIMARY KEY, "name" varchar NOT NULL, "description" varchar NOT NULL, "created_at" timestamp_with_timezone_text NOT NULL, "updated_at" timestamp_with_timezone_text NOT NULL , is_default BOOLEAN NOT NULL DEFAULT FALSE, is_hidden BOOLEAN NOT NULL DEFAULT FALSE, is_secured BOOLEAN NOT NULL DEFAULT FALSE, password_hash TEXT);
INSERT INTO workspaces VALUES(X'eade09869f2a43bfba57c60c5a5c5e7c','default','Default workspace','2026-03-04 11:10:57','2026-03-31T11:04:34.254182+00:00',0,1,0,NULL);
INSERT INTO workspaces VALUES(X'ed42af204199419299e0965e2263d49e','adefemi','personal workspace','2026-03-05T07:30:43.531070+00:00','2026-05-18T17:51:33.905553+00:00',0,0,0,NULL);
INSERT INTO workspaces VALUES(X'e4a9def41a4247609e8eb54c76d82a3d','Tranqbay','Manage my tranqbay workflows','2026-03-09T06:39:38.129048+00:00','2026-03-31T11:04:23.649558+00:00',1,0,0,NULL);
INSERT INTO workspaces VALUES(X'8acc2c420fda43ae8636c9f39067e51d','almonds','manage almond','2026-03-23T06:11:48.931231+00:00','2026-04-03T11:21:55.012490+00:00',0,0,0,NULL);
INSERT INTO workspaces VALUES(X'9385ac75dd694004b588b4e85c82558a','Weangel','manage weangel projects.','2026-03-28T06:55:16.453375+00:00','2026-03-31T11:03:43.896179+00:00',0,1,0,NULL);
INSERT INTO workspaces VALUES(X'6eeea35e3ab84405915a5c9038d53553','Preciiii','Dfgbjk,gf','2026-04-15T09:35:51.395107+00:00','2026-04-15T09:35:51.395108+00:00',0,0,0,NULL);
INSERT INTO workspaces VALUES(X'16426bcfb43d41b48b27204386db3d1e','BHE','backend for humans','2026-04-17T13:03:37.409723+00:00','2026-04-17T13:03:37.409724+00:00',0,0,0,NULL);
CREATE TABLE IF NOT EXISTS "snippets" ( "identifier" uuid_text NOT NULL PRIMARY KEY, "title" varchar NULL, "language" varchar NULL, "code" text NOT NULL, "description" text NULL, "is_pinned" boolean NOT NULL DEFAULT FALSE, "created_at" timestamp_with_timezone_text NOT NULL, "updated_at" timestamp_with_timezone_text NOT NULL, "workspace_identifier" uuid_text, FOREIGN KEY ("workspace_identifier") REFERENCES "workspaces" ("identifier") ON DELETE CASCADE );
INSERT INTO snippets VALUES(X'2e4a2bac17cb4743a542258c1e8a2631','Tauri workflow to push on release','YAML',replace('name: publish\n\non:\n  push:\n    tags:\n      - "v*"\n\njobs:\n  publish-tauri:\n    permissions:\n      contents: write\n\n    strategy:\n      fail-fast: false\n      matrix:\n        include:\n          - platform: macos-latest\n            args: "--target aarch64-apple-darwin"\n\n          - platform: macos-latest\n            args: "--target x86_64-apple-darwin"\n\n          - platform: ubuntu-22.04\n            args: ""\n\n          - platform: windows-latest\n            args: ""\n\n    runs-on: ${{ matrix.platform }}\n\n    steps:\n      - uses: actions/checkout@v4\n\n      # Linux dependencies\n      - name: install dependencies (ubuntu only)\n        if: matrix.platform == ''ubuntu-22.04''\n        run: |\n          sudo apt-get update\n          sudo apt-get install -y \\n            libwebkit2gtk-4.1-dev \\n            libappindicator3-dev \\n            librsvg2-dev \\n            patchelf \\n            libasound2-dev \\n            xdg-utils\n\n      # Node setup\n      - name: setup node\n        uses: actions/setup-node@v4\n        with:\n          node-version: 20\n          cache: npm\n          cache-dependency-path: almonds/package-lock.json\n\n      # Rust toolchain\n      - name: install Rust\n        uses: dtolnay/rust-toolchain@stable\n        with:\n          targets: ${{ matrix.platform == ''macos-latest'' && ''aarch64-apple-darwin,x86_64-apple-darwin'' || '''' }}\n\n      # Rust cache\n      - name: Rust cache\n        uses: swatinem/rust-cache@v2\n        with:\n          workspaces: "./almonds/src-tauri -> target"\n\n      # Install frontend dependencies\n      - name: install frontend dependencies\n        run: npm ci\n        working-directory: almonds\n\n      # Build + Release\n      - uses: tauri-apps/tauri-action@v0\n        env:\n          GITHUB_TOKEN: ${{ secrets.GITHUB_TOKEN }}\n        with:\n          projectPath: almonds\n          tagName: v__VERSION__\n          releaseName: "App v__VERSION__"\n          releaseBody: "Download the latest version here."\n          releaseDraft: false\n          prerelease: false\n          args: ${{ matrix.args }}','\n',char(10)),'Build tauri desktop app',0,'2026-03-02T12:08:05.200153+01:00','2026-03-04T11:56:36.299545+00:00',X'eade09869f2a43bfba57c60c5a5c5e7c');
INSERT INTO snippets VALUES(X'9727301991cd4fe6a146db482d1ae89e','Release tauri app','Bash',replace('#!/usr/bin/env bash\nset -e\n\nTAURI_CONFIG="almonds/src-tauri/tauri.conf.json"\n\nBUMP_TYPE=${1:-patch}\n\nif ! command -v jq &> /dev/null; then\n  echo "jq is required but not installed."\n  exit 1\nfi\n\n# Read current version\nCURRENT_VERSION=$(jq -r ''.version'' "$TAURI_CONFIG")\n\nIFS=''.'' read -r MAJOR MINOR PATCH <<< "$CURRENT_VERSION"\n\ncase "$BUMP_TYPE" in\n  major)\n    MAJOR=$((MAJOR + 1))\n    MINOR=0\n    PATCH=0\n    ;;\n  minor)\n    MINOR=$((MINOR + 1))\n    PATCH=0\n    ;;\n  patch)\n    PATCH=$((PATCH + 1))\n    ;;\n  *)\n    echo "Invalid bump type: $BUMP_TYPE"\n    echo "Use: patch | minor | major"\n    exit 1\n    ;;\nesac\n\nNEW_VERSION="$MAJOR.$MINOR.$PATCH"\nTAG="v$NEW_VERSION"\n\necho "Current version: $CURRENT_VERSION"\necho "New version: $NEW_VERSION"\n\n# Update tauri.conf.json\ntmp=$(mktemp)\njq ".version = \"$NEW_VERSION\"" "$TAURI_CONFIG" > "$tmp"\nmv "$tmp" "$TAURI_CONFIG"\n\necho "Updated Tauri version."\n\n# Commit\ngit add "$TAURI_CONFIG"\ngit commit -m "release: v$NEW_VERSION"\n\n# Tag\ngit tag "$TAG"\n\n# Push\n# git push origin release\ngit push origin "$TAG"\n\necho "Release $TAG created 🚀"','\n',char(10)),NULL,0,'2026-03-02T12:09:09.942621+01:00','2026-03-02T12:09:09.942819+01:00',X'eade09869f2a43bfba57c60c5a5c5e7c');
INSERT INTO snippets VALUES(X'2c0028cc6a3043c2a0de5febf78a3a53','go conflict','Go',replace('\n	inviterName, err := utils.ExtractInviterInformation(\n		ctx,\n		providerIdentifier,\n		accountType,\n	)\n	if err != nil {\n		return response.ClientInvitationResponse{}, err\n	}','\n',char(10)),NULL,0,'2026-03-18T08:08:27.149914+01:00','2026-03-18T08:08:27.150028+01:00',X'eade09869f2a43bfba57c60c5a5c5e7c');
INSERT INTO snippets VALUES(X'48b4d64018514c0aa9babd4d35d1d160','format personal message','HTML',replace('{{ if .Tx.Data.note }}\n<div class="success-box" style="margin-top: 24px;">\n  <p style="margin:0;">\n    <strong>A personal note from {{ .Tx.Data.inviter_name }}:</strong>\n  </p>\n  <p style="margin-top: 8px; margin-bottom:0; white-space: pre-line;">\n    {{ .Tx.Data.note  }}\n  </p>\n</div>\n{{ end }}','\n',char(10)),NULL,0,'2026-03-24T22:50:34.510148+01:00','2026-03-24T22:50:34.510483+01:00',X'e4a9def41a4247609e8eb54c76d82a3d');
INSERT INTO snippets VALUES(X'7304803ba97e42d1a57697f5f390c434','format personal message','HTML',replace('{{ if .Tx.Data.note }}\n<div class="success-box" style="margin-top: 24px;">\n  <p style="margin:0;">\n    <strong>A personal note from {{ .Tx.Data.inviter_name }}:</strong>\n  </p>\n  <p style="margin-top: 8px; margin-bottom:0; white-space: pre-line;">\n    {{ .Tx.Data.note  }}\n  </p>\n</div>\n{{ end }}','\n',char(10)),NULL,0,'2026-03-24T22:46:02.634856+00:00','2026-03-24T22:46:02.634857+00:00',X'ed42af204199419299e0965e2263d49e');
INSERT INTO snippets VALUES(X'417a111c47fd417da558e5f9c60d61d5','Stop Hades service','Bash','docker compose -f docker-compose.dev.yaml down ',NULL,0,'2026-04-03T10:43:00.845976+01:00','2026-04-03T10:43:00.846124+01:00',X'e4a9def41a4247609e8eb54c76d82a3d');
INSERT INTO snippets VALUES(X'5e07f2d44690412fbeb8bdfa96115c4e','Sor data by date or null','SQL',replace('SELECT * \nFROM provider_clients \nWHERE client_identifier = ?\nORDER BY \n  booking_last_completed_at IS NULL,\n  booking_last_completed_at DESC,\n  created_at DESC','\n',char(10)),NULL,0,'2026-04-14T13:55:59.916261+01:00','2026-04-14T13:55:59.916489+01:00',X'e4a9def41a4247609e8eb54c76d82a3d');
INSERT INTO snippets VALUES(X'375976ca132d473a894ac40df3395a6f','Override booking reschedule','SQL','update booking set support_reschedule_override = 0, status = "completed", attendance_status = "auto_partial" where raw_identifier = ''01KQSDGFH1JYV438EMR1JASB1G'';',NULL,0,'2026-04-24T11:43:33.156734+01:00','2026-05-04T11:59:27.388422+00:00',X'e4a9def41a4247609e8eb54c76d82a3d');
INSERT INTO snippets VALUES(X'dba0820720a84004add17fc6ed47aa70','SQL Story','SQL',replace('select status from booking where raw_identifier = ''01KGHWK3BRC3S3GNDJG6HSVDBD’;\n\nUpdate status from booking where raw_identifier = ''01KGHWK3BRC3S3GNDJG6HSVDBD’;\n\n\n\nSELECT \n    u.email,\n    EXISTS (\n        SELECT 1\n        FROM user_2fa_config c\n        WHERE c.user_identifier = u.identifier\n    ) AS 2fa_exists\nFROM user u\nWHERE u.email = ''noon@gmail.com'';','\n',char(10)),NULL,0,'2026-04-24T11:44:29.704052+01:00','2026-04-28T10:53:20.264147+00:00',X'e4a9def41a4247609e8eb54c76d82a3d');
CREATE TABLE IF NOT EXISTS "todo" ( "identifier" uuid_text NOT NULL PRIMARY KEY, "title" varchar NOT NULL, "description" text NULL, "due_date" date_text NULL, "priority" enum_text NOT NULL DEFAULT 'medium', "created_at" timestamp_with_timezone_text NOT NULL, "updated_at" timestamp_with_timezone_text NOT NULL, "workspace_identifier" uuid_text, "done" boolean NOT NULL DEFAULT FALSE, FOREIGN KEY ("workspace_identifier") REFERENCES "workspaces" ("identifier") ON DELETE CASCADE );
INSERT INTO todo VALUES(X'b24afb6e532448e79f53946c87022ee3','Review the CSV upload thing.',NULL,NULL,'medium','2026-03-01T20:26:00.573841+00:00','2026-03-01T20:26:00.573842+00:00',X'eade09869f2a43bfba57c60c5a5c5e7c',0);
INSERT INTO todo VALUES(X'd9be7a8db13148ceb38e43d8763793aa','Update CV','add recent works','2026-03-11','high','2026-03-02T13:36:18.559143+00:00','2026-03-30T13:03:01.644004+00:00',X'eade09869f2a43bfba57c60c5a5c5e7c',1);
INSERT INTO todo VALUES(X'91ba0866c370426cb80aec3d4d73df72','Watch or listen to RustRover evolution of async Rust','https://blog.jetbrains.com/rust/2026/02/17/the-evolution-of-async-rust-from-tokio-to-high-level-applications/',NULL,'low','2026-03-02T13:39:45.143340+00:00','2026-03-22T13:24:58.390960+00:00',X'eade09869f2a43bfba57c60c5a5c5e7c',0);
INSERT INTO todo VALUES(X'd49e52e608ee4bb9b7dd286378887e0c','Add color to scroll bar',NULL,NULL,'medium','2026-03-04T07:25:12.022968+00:00','2026-03-28T21:12:30.190664+00:00',X'eade09869f2a43bfba57c60c5a5c5e7c',1);
INSERT INTO todo VALUES(X'aca9d9dcd6f14982ab54eb65bf161743','Look into vue draggable for sorting todo',NULL,NULL,'medium','2026-03-04T07:25:43.404080+00:00','2026-03-04T07:25:43.404081+00:00',X'eade09869f2a43bfba57c60c5a5c5e7c',0);
INSERT INTO todo VALUES(X'c430ee6aa26747f391e8d622f55ea916','update','fix the auto capitalisation',NULL,'medium','2026-03-23T06:13:41.245399+00:00','2026-03-23T06:13:41.245401+00:00',X'8acc2c420fda43ae8636c9f39067e51d',0);
INSERT INTO todo VALUES(X'e9b50b2a18d54cd08602e71b5e991819','deploy',NULL,NULL,'medium','2026-03-28T06:56:48.285734+00:00','2026-03-31T17:16:54.730874+00:00',X'9385ac75dd694004b588b4e85c82558a',1);
INSERT INTO todo VALUES(X'a2d641e6f1874f78b69f32f7f492c90e','implement team invitation',NULL,NULL,'medium','2026-03-30T22:29:14.254550+00:00','2026-03-31T17:17:10.831436+00:00',X'9385ac75dd694004b588b4e85c82558a',1);
INSERT INTO todo VALUES(X'8b477254ec7b4c16b102b670427bf504','create image kit account',NULL,NULL,'medium','2026-03-30T22:31:17.429614+00:00','2026-03-31T17:17:02.099050+00:00',X'9385ac75dd694004b588b4e85c82558a',1);
INSERT INTO todo VALUES(X'0e8ad3d7d8044ccfa3c1b5218763bf9e','Ask for cloudinary links for app-banner in email templates','I’m currently using my Imagekit acc to host the assets, it could be removed by mistake',NULL,'high','2026-04-28T14:01:58.493510+00:00','2026-04-28T15:52:27.679427+00:00',X'e4a9def41a4247609e8eb54c76d82a3d',1);
INSERT INTO todo VALUES(X'c2e6482b00524d16a5110f64f97e0714','Test the app banner implementation','download mobile app is added to booking confirmed and booking reminder, test this flow',NULL,'high','2026-04-28T14:02:24.801591+00:00','2026-04-28T15:52:29.183010+00:00',X'e4a9def41a4247609e8eb54c76d82a3d',1);
INSERT INTO todo VALUES(X'71d31c6255934f3495b29ec6baf2ff7b','Unblock collins','deploy hera with the requested updates',NULL,'medium','2026-04-28T14:03:25.001667+00:00','2026-04-28T15:52:30.355924+00:00',X'e4a9def41a4247609e8eb54c76d82a3d',1);
INSERT INTO todo VALUES(X'7d7fa109cc884b9cb59097123a48914e','Accept your github invite',NULL,NULL,'medium','2026-05-03T21:39:27.635740+00:00','2026-05-03T22:18:41.375380+00:00',X'ed42af204199419299e0965e2263d49e',1);
INSERT INTO todo VALUES(X'a7703b58f10d45879d9981f5829f5f34','check rust lang pr',NULL,NULL,'medium','2026-05-03T21:39:36.640448+00:00','2026-05-03T21:39:36.640449+00:00',X'ed42af204199419299e0965e2263d49e',0);
INSERT INTO todo VALUES(X'ca672471af074ce6a937c3ca600961a4','install Clion',NULL,NULL,'medium','2026-05-03T21:39:47.754727+00:00','2026-05-03T22:18:37.969728+00:00',X'ed42af204199419299e0965e2263d49e',1);
INSERT INTO todo VALUES(X'40b379146f924bb3b4970b3d173fd2cd','read K&R',NULL,NULL,'medium','2026-05-03T21:39:56.344964+00:00','2026-05-03T22:42:13.804310+00:00',X'ed42af204199419299e0965e2263d49e',1);
INSERT INTO todo VALUES(X'e954d143cad149d59c6c0af4f82fa134','Update Zed to version',NULL,NULL,'medium','2026-05-03T21:40:53.046674+00:00','2026-05-03T22:18:35.781163+00:00',X'ed42af204199419299e0965e2263d49e',1);
INSERT INTO todo VALUES(X'158869e0bc2148e48466e0ba2cda14c7','Update CV',NULL,NULL,'medium','2026-05-03T22:18:32.535458+00:00','2026-05-03T22:42:17.479154+00:00',X'ed42af204199419299e0965e2263d49e',1);
CREATE TABLE IF NOT EXISTS "bookmark" ( "identifier" uuid_text NOT NULL PRIMARY KEY, "title" varchar NOT NULL, "url" varchar NOT NULL, "tag" enum_text NOT NULL DEFAULT 'development', "workspace_identifier" uuid_text, "created_at" timestamp_with_timezone_text NOT NULL, "updated_at" timestamp_with_timezone_text NOT NULL, FOREIGN KEY ("workspace_identifier") REFERENCES "workspaces" ("identifier") ON DELETE CASCADE );
INSERT INTO bookmark VALUES(X'0c31bb607b0e4596acd3445124416de0','Link to csv design','https://www.figma.com/design/lFW7r5OCanhbpQMI69VD5b/Tranqbay-Client-Management-System?t=4w8bFxgJBYCO2c4i-0','development',X'e4a9def41a4247609e8eb54c76d82a3d','2026-02-26T08:37:28.373614+00:00','2026-03-24T22:44:41.605885+00:00');
INSERT INTO bookmark VALUES(X'f9b417335e204890b3e77caafd1b4a5a','Link to Tranqbay 2FA files','https://www.figma.com/design/8nUEOV7J33uOG09gRRJLnG/Tranqbay-Web-App-Main?node-id=28286-112080&t=ctfNRvapDVGygybM-0','development',X'e4a9def41a4247609e8eb54c76d82a3d','2026-02-27T14:55:46.322917+00:00','2026-03-24T22:44:48.780339+00:00');
INSERT INTO bookmark VALUES(X'268d98d72e3044478336bf153db8db82','2fa sys design','https://draw.tranq.services/','development',X'e4a9def41a4247609e8eb54c76d82a3d','2026-03-02T07:08:39.196651+00:00','2026-03-24T22:44:56.246404+00:00');
INSERT INTO bookmark VALUES(X'a0014c33a49c4f9abd0cd095f9634559','AI in RUst https://crates.io/crates/smartcore','https://crates.io/crates/smartcore','development',X'8acc2c420fda43ae8636c9f39067e51d','2026-03-02T07:18:34.922236+00:00','2026-03-28T20:48:38.307272+00:00');
INSERT INTO bookmark VALUES(X'9d11248b95154d94b2e8eaf3a0952f2f','https://deploy.tranq.services/','https://deploy.tranq.services/','development',X'e4a9def41a4247609e8eb54c76d82a3d','2026-03-04T12:35:47.138501+00:00','2026-03-24T22:45:05.330858+00:00');
INSERT INTO bookmark VALUES(X'197252a5a5b64f1590eb5b7b1b6bb8ff','https://www.geeksforgeeks.org/system-design/strategy-pattern-set-1/','https://www.geeksforgeeks.org/system-design/strategy-pattern-set-1/','research',X'eade09869f2a43bfba57c60c5a5c5e7c','2026-03-05T11:19:14.488152+00:00','2026-03-05T11:19:14.488153+00:00');
INSERT INTO bookmark VALUES(X'3c64a1bfdbde4498a0bc457789070e3c','System software engineer','https://www.coursera.org/articles/systems-engineer','development',X'eade09869f2a43bfba57c60c5a5c5e7c','2026-03-07T00:05:45.967321+00:00','2026-03-07T00:05:45.967321+00:00');
INSERT INTO bookmark VALUES(X'4f90cbe060ab470b8178819a56780f59','GraphQL','https://www.youtube.com/watch?v=39CPVkZE4nM&list=PL4cUxeGkcC9gUxtblNUahcsg0WLxmrK_y&index=2','development',X'8acc2c420fda43ae8636c9f39067e51d','2026-03-10T22:06:54.317849+00:00','2026-03-24T22:57:36.438541+00:00');
INSERT INTO bookmark VALUES(X'01d8f23c5e6640809d3290470bb04986','Data Sync algorithm','https://lingfenghsiang.github.io/docs/DSync.pdf','research',X'8acc2c420fda43ae8636c9f39067e51d','2026-03-12T09:30:49.004559+00:00','2026-03-24T22:57:22.525450+00:00');
INSERT INTO bookmark VALUES(X'c9796314ef92458ab889dda116b2ba3c','Another Data Sync Algorithm','https://research.engineering.nyu.edu/~suel/papers/delta.pdf','development',X'8acc2c420fda43ae8636c9f39067e51d','2026-03-12T09:34:22.710080+00:00','2026-03-24T22:57:28.161232+00:00');
INSERT INTO bookmark VALUES(X'e93a752175aa469c86ca3a0a06f8c611','If let guard','https://github.com/rust-lang/rust/pull/141295','research',X'eade09869f2a43bfba57c60c5a5c5e7c','2026-03-12T13:21:52.162200+00:00','2026-03-12T13:21:52.162201+00:00');
INSERT INTO bookmark VALUES(X'7e7d2fbb8e2842e4908f07a256e5f49e','Learning Rust/Solana','https://www.risein.com/blog/getting-started-with-development-on-solana','development',X'ed42af204199419299e0965e2263d49e','2026-03-17T21:12:16.041528+00:00','2026-03-17T21:12:16.041529+00:00');
INSERT INTO bookmark VALUES(X'594d1cee7a5049c1b3344fbbdedbd7ed','Client invitation demo','https://tolulope-timothy-adaramoti.dev.tranqbay.care/sign-up/3jOrvyoKUj3q6t4vmxfRCw2XK27tTCThfJUC','development',X'e4a9def41a4247609e8eb54c76d82a3d','2026-03-23T14:33:47.807033+00:00','2026-03-23T14:33:47.807033+00:00');
INSERT INTO bookmark VALUES(X'06892771c76d4d9886cd1db32c57ae92','Rust Training Microsoft','https://github.com/microsoft/RustTraining','development',X'ed42af204199419299e0965e2263d49e','2026-03-24T12:46:21.858089+00:00','2026-03-24T12:46:21.858090+00:00');
INSERT INTO bookmark VALUES(X'f44a387d26144d5b9f3a8ff7e1519e44','Octobase for data sync','https://github.com/toeverything/octobase','development',X'ed42af204199419299e0965e2263d49e','2026-03-24T15:23:00.222171+00:00','2026-03-31T12:16:11.652823+00:00');
INSERT INTO bookmark VALUES(X'7bf1830b65fe40139ca250aa888cb3b8','EdgeJS','https://wasmer.io/posts/edgejs-safe-nodejs-using-wasm-sandbox','development',X'ed42af204199419299e0965e2263d49e','2026-03-25T22:02:11.798584+00:00','2026-03-25T22:02:11.798585+00:00');
INSERT INTO bookmark VALUES(X'afd4018413f1450da01bfa12f23fc0c7','Movie title — "Percy Jackson"','https://x.com/Angle__wix/status/2036911889733583334','development',X'ed42af204199419299e0965e2263d49e','2026-03-26T06:49:09.317624+00:00','2026-03-26T06:49:09.317625+00:00');
INSERT INTO bookmark VALUES(X'4adbe10f230b4394ac1ba68c0f62e1e7','Recovery code design','https://www.figma.com/design/8nUEOV7J33uOG09gRRJLnG/Tranqbay-Web-App-Main?node-id=29355-88618&t=AojG9fOZV5bwYf5e-0','design',X'e4a9def41a4247609e8eb54c76d82a3d','2026-03-27T10:33:09.564347+00:00','2026-03-27T10:33:09.564348+00:00');
INSERT INTO bookmark VALUES(X'8f1e1224923a42f99473b8b60ffe7f91','grapql client for Next','https://nuxt-graphql-client.web.app/getting-started/quick-start','research',X'9385ac75dd694004b588b4e85c82558a','2026-03-30T02:34:15.786901+00:00','2026-03-30T02:34:15.786901+00:00');
INSERT INTO bookmark VALUES(X'fa8b78d9b1b2490d82a6b4b6c16cf232','Rust contribution','https://www.reddit.com/r/rust/comments/1qpgx7k/so_you_want_to_contribute_to_rust_but_feel/','development',X'ed42af204199419299e0965e2263d49e','2026-04-01T12:52:32.551248+00:00','2026-04-01T12:52:32.551248+00:00');
INSERT INTO bookmark VALUES(X'8d48c947704143398dee9259f569f2ef','Mac cleaner','https://github.com/guhcostan/mac-cleaner-cli','development',X'ed42af204199419299e0965e2263d49e','2026-04-07T13:44:40.318828+00:00','2026-04-07T13:44:40.318828+00:00');
INSERT INTO bookmark VALUES(X'12e2a9a647a94c0e9ea11378d68a5757','Animated Illustrations','https://creattie.com/lottie-animated-illustrations/all?type=all&orderBy=order&page=1','development',X'ed42af204199419299e0965e2263d49e','2026-04-08T10:18:17.874866+00:00','2026-04-08T10:18:17.874867+00:00');
INSERT INTO bookmark VALUES(X'817e36b8515d47a288d00b0e7cbdd87d','What We Learned Building a Rust Runtime for TypeScript','https://encore.dev/blog/rust-runtime','inspiration',X'ed42af204199419299e0965e2263d49e','2026-04-08T15:23:35.982592+00:00','2026-04-08T15:23:35.982592+00:00');
INSERT INTO bookmark VALUES(X'0d8d1b967b1a4c8eb890020ebbfa085d','Humming','https://www.netflix.com/watch/82682318?trackId=254015180&tctx=0%2C0%2C4f2bf132-0bef-4386-a81e-018e60f47e47-77731740%2CNES_E423CF363517A75C04992F45C1B1AE-E911D54DEEF141-F1ADE4E8DD_p_1775812998913%2CNES_E423CF363517A75C04992F45C1B1AE_p_1775812998913%2C%2C%2C%2C%2CVideo%3A82682318%2CbillboardPlayButton','development',X'ed42af204199419299e0965e2263d49e','2026-04-10T09:26:45.784502+00:00','2026-04-10T09:26:45.784502+00:00');
INSERT INTO bookmark VALUES(X'621db05a57964c21a3fc1d804e94dc70','My private profile on Tranqbay','https://alex-minato.dev.tranqbay.care/','development',X'e4a9def41a4247609e8eb54c76d82a3d','2026-04-13T09:18:18.207072+00:00','2026-04-13T09:18:18.207072+00:00');
INSERT INTO bookmark VALUES(X'058ae1c23da845e1ac99d638e23a44bf','Fan-out','https://medium.com/@kevalrabadiya27/fan-out-architectures-in-system-design-scalability-through-smart-distribution-aff650202378','development',X'ed42af204199419299e0965e2263d49e','2026-04-13T23:10:03.740112+00:00','2026-04-13T23:10:03.740113+00:00');
INSERT INTO bookmark VALUES(X'adc9cd42bad84136a973c4a9837e5a69','MD editor','https://github.com/domternal/domternal','development',X'8acc2c420fda43ae8636c9f39067e51d','2026-04-17T08:38:06.680695+00:00','2026-04-17T08:38:06.680696+00:00');
INSERT INTO bookmark VALUES(X'935adfd1e87d4c7791e243a8ad607f4d','Movie shooter','https://www.netflix.com/watch/70056430?trackId=254015180&tctx=0%2C0%2Ca4afcd0f-0002-4fd7-9cb6-79dc582ea967-30935873%2CNES_E423CF363517A75C04992F45C1B1AE-E911D54DEEF141-BFEE3EB6BB_p_1776543429138%2CNES_E423CF363517A75C04992F45C1B1AE_p_1776543429138%2C%2C%2C%2C%2CVideo%3A70056430%2CbillboardPlayButton','development',X'ed42af204199419299e0965e2263d49e','2026-04-18T20:21:56.283069+00:00','2026-04-18T20:21:56.283069+00:00');
INSERT INTO bookmark VALUES(X'56c89f5a4cb64a87b1b94eb74dae0b99','Rust Jobs','https://www.reddit.com/r/rust/comments/1rrnxfh/jobfocused_list_of_product_companies_using_rust/','development',X'ed42af204199419299e0965e2263d49e','2026-04-24T10:32:54.283261+00:00','2026-04-24T10:32:54.283261+00:00');
INSERT INTO bookmark VALUES(X'46e872e5c86245f6887f321c81f0fcc4','Tranqbay Vault','https://vault.tranqbay.health/','development',X'e4a9def41a4247609e8eb54c76d82a3d','2026-04-28T14:11:34.765009+00:00','2026-04-28T14:11:34.765014+00:00');
INSERT INTO bookmark VALUES(X'7241135a452b49f6b70f125b6bc5c231','Man on fire','https://www.netflix.com/watch/81681613?trackId=254015180&tctx=0%2C0%2C4b2c67ea-5dd2-450d-9f2a-a118666aed57-10847314%2CNES_E9A91A305BE1BBFBC5E8C28B3B4358-E911D54DEEF141-26BBF73CB6_p_1777550836385%2CNES_E9A91A305BE1BBFBC5E8C28B3B4358_p_1777550836385%2C%2C%2C%2C%2CVideo%3A81645170%2CbillboardPlayButton','development',X'ed42af204199419299e0965e2263d49e','2026-04-30T12:08:55.424461+00:00','2026-04-30T12:08:55.424461+00:00');
INSERT INTO bookmark VALUES(X'e6d0bf8755b54d3482d5342e65f53874','Last standing Samurai on Netflix','https://www.netflix.com/watch/81775734?trackId=251769321','development',X'ed42af204199419299e0965e2263d49e','2026-05-12T11:19:31.101993+00:00','2026-05-12T11:19:31.101994+00:00');
CREATE TABLE IF NOT EXISTS "reminder" ( "identifier" uuid_text NOT NULL PRIMARY KEY, "title" varchar NOT NULL, "description" text NULL, "recurring" boolean NOT NULL DEFAULT FALSE, "recurrence_rule" varchar NULL, "alarm_sound" varchar NULL, "workspace_identifier" uuid_text, "remind_at" timestamp_with_timezone_text NOT NULL, "created_at" timestamp_with_timezone_text NOT NULL, "updated_at" timestamp_with_timezone_text NOT NULL, FOREIGN KEY ("workspace_identifier") REFERENCES "workspaces" ("identifier") ON DELETE CASCADE );
INSERT INTO reminder VALUES(X'fa46de35533944e88b2ae1dcefcc6b71','Go over the CSV implementation','https://github.com/tranqbay/poseidon/pulls',0,NULL,NULL,X'eade09869f2a43bfba57c60c5a5c5e7c','2026-03-02T12:05:00+00:00','2026-03-02T12:05:22.336580+01:00','2026-03-02T11:05:32.092593+00:00');
INSERT INTO reminder VALUES(X'ceb4744a1b6246c9bf48f4b92b1dad40','shut your eyes',NULL,1,NULL,NULL,NULL,'2026-03-04T13:20:00+00:00','2026-03-04T14:08:11.227490+01:00','2026-03-04T14:08:11.228132+01:00');
INSERT INTO reminder VALUES(X'233b3f4fea014d49ac9b336f1ce2efa7','Helpppppp',NULL,0,NULL,NULL,X'eade09869f2a43bfba57c60c5a5c5e7c','2026-03-22T00:18:00+00:00','2026-03-22T01:18:39.053332+01:00','2026-03-22T01:18:39.053526+01:00');
INSERT INTO reminder VALUES(X'131a11c950134bf8b15c36db45d89b57','Wake up',NULL,0,NULL,NULL,X'ed42af204199419299e0965e2263d49e','2026-03-30T12:40:00+00:00','2026-03-30T14:26:52.468549+01:00','2026-03-30T13:26:56.653729+00:00');
CREATE TABLE IF NOT EXISTS "recycle_bin" ( "identifier" uuid_text NOT NULL PRIMARY KEY, "item_id" uuid_text NOT NULL, "item_type" enum_text NOT NULL, "workspace_identifier" uuid_text, "payload" text NOT NULL, "deleted_at" timestamp_with_timezone_text NOT NULL, FOREIGN KEY ("workspace_identifier") REFERENCES "workspaces" ("identifier") ON DELETE CASCADE );
INSERT INTO recycle_bin VALUES(X'4f810a724aeb480193052a372bbf45f6',X'946fd1f5c23544ef8376db284ad8d7a9','bookmark',X'eade09869f2a43bfba57c60c5a5c5e7c','{"identifier":"946fd1f5-c235-44ef-8376-db284ad8d7a9","title":"2FA system design","url":"draw.tranq.services","tag":"development","workspaceIdentifier":null,"createdAt":"2026-03-02T07:07:43.936580Z","updatedAt":"2026-03-02T07:07:43.936581Z"}','2026-03-02T07:08:27.520558+00:00');
INSERT INTO recycle_bin VALUES(X'3676bf173a2d47f78c30bf086fa286ab',X'dcd4466ec99348729dc973ebf643efd1','reminder',X'eade09869f2a43bfba57c60c5a5c5e7c','{"identifier":"dcd4466e-c993-4872-9dc9-73ebf643efd1","title":"Implement the CSV import","description":null,"recurring":false,"recurrenceRule":null,"alarmSound":null,"workspaceIdentifier":null,"remindAt":"2026-02-26T08:34:00Z","createdAt":"2026-02-26T08:35:38.316816Z","updatedAt":"2026-02-26T08:35:38.317689Z"}','2026-03-02T11:04:34.873170+00:00');
INSERT INTO recycle_bin VALUES(X'1486f37bf5524db4ab574256251b56de',X'd3fbfebe6e44402f9d1d5a8f60984476','note',X'eade09869f2a43bfba57c60c5a5c5e7c','{"identifier":"d3fbfebe-6e44-402f-9d1d-5a8f60984476","title":"Tranqbay Share profile","content":"","categories":[],"createdAt":"2026-02-27T13:20:59.603945Z","updatedAt":"2026-02-27T13:20:59.603946Z","workspaceIdentifier":null}','2026-03-02T22:34:48.002204+00:00');
INSERT INTO recycle_bin VALUES(X'111e2771c4d945dea76ad9a7e7c8c7a2',X'4ad359aca95c488097344111581e8d4f','note',X'eade09869f2a43bfba57c60c5a5c5e7c','{"identifier":"4ad359ac-a95c-4880-9734-4111581e8d4f","title":"2fa flow 2","content":"When you want to enable or disable   \n  \nThe user sends a strategy, and the BE saves the 6-digit code. stores the strategy, the reason, and the token Id and get  the strategy when the code is verified","categories":[],"createdAt":"2026-03-02T08:42:10.531499Z","updatedAt":"2026-03-02T08:42:10.531500Z","workspaceIdentifier":null}','2026-03-02T22:34:52.208634+00:00');
INSERT INTO recycle_bin VALUES(X'65f76e2c49e04aa0a5477a0609c6d2dd',X'139758f48018478ca1540499b1c1852a','note',X'eade09869f2a43bfba57c60c5a5c5e7c','{"identifier":"139758f4-8018-478c-a154-0499b1c1852a","title":"2fa flow 2","content":"When you want to enable or disable   \n  \nThe user sends a strategy, and the BE saves the 6-digit code. stores the strategy, the reason, and the token Id and get  the strategy when the code is verified","categories":[],"createdAt":"2026-03-02T08:42:10.581679Z","updatedAt":"2026-03-02T08:42:10.581679Z","workspaceIdentifier":null}','2026-03-02T22:34:55.086031+00:00');
INSERT INTO recycle_bin VALUES(X'b32d92d80dbd49d099689ffc7b2ac60c',X'02196131eb0b4e449b557624aaa407b2','note',X'eade09869f2a43bfba57c60c5a5c5e7c','{"identifier":"02196131-eb0b-4e44-9b55-7624aaa407b2","title":"Untitled","content":"[anthonygolden2015@outlook.com](mailto:anthonygolden2015@outlook.com)\n\nPassword: blwnation\n\n&nbsp;\n\nUsername: [umehgoodness1998@gmail.com](mailto:umehgoodness1998@gmail.com) \n\nPassword: 08109477816","categories":[],"createdAt":"2026-03-02T22:34:31.816348Z","updatedAt":"2026-03-02T22:34:31.816349Z","workspaceIdentifier":null}','2026-03-02T22:35:01.187992+00:00');
INSERT INTO recycle_bin VALUES(X'18afb5c02dab4da493570497e05b2e55',X'a955803a701b4a6a97e4c98face01a07','todo',X'eade09869f2a43bfba57c60c5a5c5e7c','{"identifier":"a955803a-701b-4a6a-97e4-c98face01a07","title":"Set exam questions","description":null,"dueDate":null,"priority":"medium","createdAt":"2026-03-01T20:24:45.075135Z","updatedAt":"2026-03-02T22:35:07.172587Z","workspaceIdentifier":null,"done":true}','2026-03-03T17:13:04.945434+00:00');
INSERT INTO recycle_bin VALUES(X'50ff6b5003874eccb79603a08c1d8a6d',X'2ba7cba34bb14bbf83f6c2f0a930f4aa','todo',X'eade09869f2a43bfba57c60c5a5c5e7c','{"identifier":"2ba7cba3-4bb1-4bbf-83f6-c2f0a930f4aa","title":"Add workspaces to Almond","description":null,"dueDate":null,"priority":"medium","createdAt":"2026-03-01T20:24:59.394783Z","updatedAt":"2026-03-01T20:24:59.394784Z","workspaceIdentifier":null,"done":false}','2026-03-03T17:13:16.857+00:00');
INSERT INTO recycle_bin VALUES(X'1acd13bd46c54e02a7f2be8883d42aee',X'c3218b41cbd94c0b9d20074f08fd558a','todo',X'eade09869f2a43bfba57c60c5a5c5e7c','{"identifier":"c3218b41-cbd9-4c0b-9d20-074f08fd558a","title":"Write to Julien","description":null,"dueDate":null,"priority":"medium","createdAt":"2026-03-04T07:24:00.766640Z","updatedAt":"2026-03-04T11:12:10.541073Z","workspaceIdentifier":"eade0986-9f2a-43bf-ba57-c60c5a5c5e7c","done":true}','2026-03-04T11:12:20.292504+00:00');
INSERT INTO recycle_bin VALUES(X'a7f4d9a07d4b4ef2afda84693f163654',X'166cdf5a6d2b49d280ed3145f97b4b4a','todo',X'eade09869f2a43bfba57c60c5a5c5e7c','{"identifier":"166cdf5a-6d2b-49d2-80ed-3145f97b4b4a","title":"Add workspace Icon to app","description":null,"dueDate":null,"priority":"medium","createdAt":"2026-03-04T07:24:20.342856Z","updatedAt":"2026-03-04T11:12:13.317259Z","workspaceIdentifier":"eade0986-9f2a-43bf-ba57-c60c5a5c5e7c","done":true}','2026-03-04T11:12:20.299698+00:00');
INSERT INTO recycle_bin VALUES(X'53ed234ef2404531bdf482c8cdc34b13',X'340a2a64d7ed4102a2f2e3077adff6da','todo',X'eade09869f2a43bfba57c60c5a5c5e7c','{"identifier":"340a2a64-d7ed-4102-a2f2-e3077adff6da","title":"Finish the RustConf paper review.","description":null,"dueDate":null,"priority":"medium","createdAt":"2026-03-01T20:27:40.394701Z","updatedAt":"2026-03-01T21:49:09.149555Z","workspaceIdentifier":"eade0986-9f2a-43bf-ba57-c60c5a5c5e7c","done":true}','2026-03-04T11:12:20.294455+00:00');
INSERT INTO recycle_bin VALUES(X'5cf0bd344b28478080fc5a97dab4029e',X'aef4f6407f0f47f2bce2fff6271e2eec','todo',X'eade09869f2a43bfba57c60c5a5c5e7c','{"identifier":"aef4f640-7f0f-47f2-bce2-fff6271e2eec","title":"Add migration to auto add any entries that does not exists into a “default” workspace","description":null,"dueDate":null,"priority":"medium","createdAt":"2026-03-04T07:24:53.991192Z","updatedAt":"2026-03-04T11:12:15.261661Z","workspaceIdentifier":"eade0986-9f2a-43bf-ba57-c60c5a5c5e7c","done":true}','2026-03-04T11:12:20.307171+00:00');
INSERT INTO recycle_bin VALUES(X'615d737019e04ab3a2753453d0c28f23',X'e02151c65751484db1fd3ae7de9cfe18','todo',X'eade09869f2a43bfba57c60c5a5c5e7c','{"identifier":"e02151c6-5751-484d-b1fd-3ae7de9cfe18","title":"follow  up on the 2fa implementation","description":"https://draw.tranq.services/","dueDate":"2026-02-19","priority":"high","createdAt":"2026-02-26T10:01:15.525539Z","updatedAt":"2026-03-02T22:35:18.741114Z","workspaceIdentifier":"eade0986-9f2a-43bf-ba57-c60c5a5c5e7c","done":true}','2026-03-04T11:12:20.295294+00:00');
INSERT INTO recycle_bin VALUES(X'bb96524f2fac4730aa2d6a1f7ac5b3ad',X'fea3447bcd1548568a81928776f77de4','reminder',X'eade09869f2a43bfba57c60c5a5c5e7c','{"identifier":"fea3447b-cd15-4856-8a81-928776f77de4","title":"Get the book from SS2","description":null,"recurring":false,"recurrenceRule":null,"alarmSound":null,"workspaceIdentifier":"eade0986-9f2a-43bf-ba57-c60c5a5c5e7c","remindAt":"2026-03-02T12:06:00Z","createdAt":"2026-03-02T11:06:07.429985Z","updatedAt":"2026-03-02T11:06:07.430205Z"}','2026-03-05T07:25:36.059731+00:00');
INSERT INTO recycle_bin VALUES(X'685dce1700c14a9ea7c8375e9cf1dcbc',X'23492261c2f54c83bd4bb7077a14fda5','workspace',X'ed42af204199419299e0965e2263d49e','{"identifier":"23492261-c2f5-4c83-bd4b-b7077a14fda5","name":"adefemi","description":"personal workspace","createdAt":"2026-03-05T07:30:42.300810Z","updatedAt":"2026-03-05T07:30:42.300811Z"}','2026-03-05T07:31:01.143049+00:00');
INSERT INTO recycle_bin VALUES(X'1fc77c76de254516b9146dad929999e6',X'9a2c1adea33142019ee815be523e745d','note',X'ed42af204199419299e0965e2263d49e','{"identifier":"9a2c1ade-a331-4201-9ee8-15be523e745d","title":"Road to Snr Rust","content":"So I’m curating a guide to relearn Rust, I’m giving it a year to learn and learn it well to become very skilled in it, build zero deps app, and more things of that sort. \n\n&nbsp;\n\nI’ll be curating my journey here ","categories":[],"createdAt":"2026-03-05T07:33:08.880858Z","updatedAt":"2026-03-05T07:33:08.880858Z","workspaceIdentifier":"ed42af20-4199-4192-99e0-965e2263d49e"}','2026-03-05T07:33:13.284781+00:00');
INSERT INTO recycle_bin VALUES(X'6aad0b81a8fe4fbc8f950d4a24f9e62f',X'1a367a8499c84acba10be51e958d8201','workspace',X'ed42af204199419299e0965e2263d49e','{"identifier":"1a367a84-99c8-4acb-a10b-e51e958d8201","name":"Tranqbay","description":"Mange my tranqbay workflow","createdAt":"2026-03-04T11:18:50.995173Z","updatedAt":"2026-03-04T11:18:50.995174Z"}','2026-03-05T23:37:49.755033+00:00');
INSERT INTO recycle_bin VALUES(X'5e6ff11d5e2b41b2acbb3d270d8582fd',X'0651baf7cede4dcc976141f5d7db63c8','bookmark',X'eade09869f2a43bfba57c60c5a5c5e7c','{"identifier":"0651baf7-cede-4dcc-9761-41f5d7db63c8","title":"test","url":"test","tag":"development","workspaceIdentifier":"eade0986-9f2a-43bf-ba57-c60c5a5c5e7c","createdAt":"2026-03-04T11:11:29.924101Z","updatedAt":"2026-03-04T11:11:29.924101Z"}','2026-03-06T11:10:56.853574+00:00');
INSERT INTO recycle_bin VALUES(X'bd54571afa164ecfa0eee7a1a1bf9469',X'be544aaf255f4585bebb2ee0b8bf7d33','note',X'e4a9def41a4247609e8eb54c76d82a3d','{"identifier":"be544aaf-255f-4585-bebb-2ee0b8bf7d33","title":"Working on TOTP workflow","content":"- Use the totp-rs crate [https://crates.io/crates/totp-rs](https://crates.io/crates/totp-rs)\n- see articles here [https://levelup.gitconnected.com/rust-axum-totp-based-two-factor-authentication-2fa-server-bb5829f6c3a3](https://levelup.gitconnected.com/rust-axum-totp-based-two-factor-authentication-2fa-server-bb5829f6c3a3)\n- Sample implementation here github.com/0Itsuki0/Rust_TOTP2FAServer\n\n&nbsp;\n\n## Notes\n\n1. Send the OTP as data between the server and client \n2. The FE should be able to stream the QR code for this a. session may be needed\n\n&nbsp;","categories":[],"createdAt":"2026-03-09T06:42:05.939574Z","updatedAt":"2026-03-09T06:42:05.939574Z","workspaceIdentifier":"e4a9def4-1a42-4760-9e8e-b54c76d82a3d"}','2026-03-09T06:42:10.523956+00:00');
INSERT INTO recycle_bin VALUES(X'9fa08fb36e5149d3805eecc42462e9bd',X'82dd39cca0d84c3db1894f588fd3682d','note',X'eade09869f2a43bfba57c60c5a5c5e7c','{"identifier":"82dd39cc-a0d8-4c3d-b189-4f588fd3682d","title":"2FA setup flow.","content":"1. the user send their password + the 2fa strategy \n2. A code is sent and it against their setup — for this, the token table needs to be updated, and an event is dispatched here \n3. in the event + email they extract token and confirm\n4. when confirmed, the record is updated. \n\n&nbsp;","categories":[],"createdAt":"2026-02-26T10:57:08.930852Z","updatedAt":"2026-02-26T10:57:08.930852Z","workspaceIdentifier":"eade0986-9f2a-43bf-ba57-c60c5a5c5e7c"}','2026-03-20T20:21:43.281716+00:00');
INSERT INTO recycle_bin VALUES(X'7e4c85b2b6fd4ed88d71bf8bee0b42fc',X'c74c757c90d248e09ae4401d652060e3','note',X'eade09869f2a43bfba57c60c5a5c5e7c','{"identifier":"c74c757c-90d2-48e0-9ae4-401d652060e3","title":"Two weeks","content":"Two weeks for therapist that are away fro two weeks ","categories":[],"createdAt":"2026-03-05T08:30:18.394346Z","updatedAt":"2026-03-05T08:30:18.394347Z","workspaceIdentifier":"eade0986-9f2a-43bf-ba57-c60c5a5c5e7c"}','2026-03-20T20:21:48.359351+00:00');
INSERT INTO recycle_bin VALUES(X'a598980a879e41b2a21242cec0640c17',X'1d6dc5409a4e48a6b4df06461faf3d0b','note',X'eade09869f2a43bfba57c60c5a5c5e7c','{"identifier":"1d6dc540-9a4e-48a6-b4df-06461faf3d0b","title":"Two weeks","content":"Two weeks for therapist that are away fro two weeks ","categories":[],"createdAt":"2026-03-05T08:30:18.428500Z","updatedAt":"2026-03-05T08:30:18.428500Z","workspaceIdentifier":"eade0986-9f2a-43bf-ba57-c60c5a5c5e7c"}','2026-03-20T20:21:51.196413+00:00');
INSERT INTO recycle_bin VALUES(X'1bca1abfc16f41148cc2df841085e898',X'c34544ee8e3d4e8ea57952aab38eb2e5','note',X'eade09869f2a43bfba57c60c5a5c5e7c','{"identifier":"c34544ee-8e3d-4e8e-a579-52aab38eb2e5","title":"2fa flow","content":"one strategy at a time. \n\n- When creating, add a method to see if the strategy and the user id exist \n- When it is enabled, one or more strategies\n\n&nbsp;","categories":[],"createdAt":"2026-02-26T13:44:25.330626Z","updatedAt":"2026-02-27T11:24:30.793040Z","workspaceIdentifier":"eade0986-9f2a-43bf-ba57-c60c5a5c5e7c"}','2026-03-20T20:21:54.125724+00:00');
INSERT INTO recycle_bin VALUES(X'52c15d607a9a4ecbaa4c229af8d89a80',X'a3d883ec0c864218aaea617ee5e23e6f','note',X'eade09869f2a43bfba57c60c5a5c5e7c','{"identifier":"a3d883ec-0c86-4218-aaea-617ee5e23e6f","title":"Untitled","content":"Hell hat no fury","categories":[],"createdAt":"2026-03-22T00:18:19.641394Z","updatedAt":"2026-03-22T00:18:19.641395Z","workspaceIdentifier":"eade0986-9f2a-43bf-ba57-c60c5a5c5e7c"}','2026-03-22T00:18:24.116134+00:00');
INSERT INTO recycle_bin VALUES(X'd05b562dd4f942388e82f614d9eb4264',X'35f265ec5ab1405f8aab7a3b3558ac0a','note',X'ed42af204199419299e0965e2263d49e','{"identifier":"35f265ec-5ab1-405f-8aab-7a3b3558ac0a","title":"Road to advanced Rust","content":"So I’m curating a guide to relearn Rust, I’m giving it a year to learn and learn it well to become very skilled in it, build zero deps app, and more things of that sort. \n\n&nbsp;\n\nI’ll be curating my journey here ","categories":[],"createdAt":"2026-03-05T07:33:08.856420Z","updatedAt":"2026-03-05T23:36:58.198204Z","workspaceIdentifier":"ed42af20-4199-4192-99e0-965e2263d49e"}','2026-03-22T00:29:08.354222+00:00');
INSERT INTO recycle_bin VALUES(X'007bf4e4f9a1458a9f77631ae7395ab1',X'9a464b64364f4323bf81c52b8a728046','note',X'eade09869f2a43bfba57c60c5a5c5e7c','{"identifier":"9a464b64-364f-4323-bf81-c52b8a728046","title":"Untitled","content":"Hell hat no fury","categories":[],"createdAt":"2026-03-22T00:18:19.677836Z","updatedAt":"2026-03-22T13:25:35.183792Z","workspaceIdentifier":"eade0986-9f2a-43bf-ba57-c60c5a5c5e7c"}','2026-03-22T13:25:38.683429+00:00');
INSERT INTO recycle_bin VALUES(X'98eb014a377649c7ae35b545fa791f25',X'f9736a0050fb4d7d9c5df89bc6fffe52','todo',X'8acc2c420fda43ae8636c9f39067e51d','{"identifier":"f9736a00-50fb-4d7d-9c5d-f89bc6fffe52","title":"Update","description":"on the almond homepage the avatar should route to the profile settings","dueDate":null,"priority":"medium","createdAt":"2026-03-23T06:12:37.114115Z","updatedAt":"2026-03-23T07:37:38.411620Z","workspaceIdentifier":"8acc2c42-0fda-43ae-8636-c9f39067e51d","done":true}','2026-03-23T07:37:53.753658+00:00');
INSERT INTO recycle_bin VALUES(X'9954a090628d439f8c0953fa61dbc3d5',X'c04152563d7a43209522d256d1fb96f2','todo',X'8acc2c420fda43ae8636c9f39067e51d','{"identifier":"c0415256-3d7a-4320-9522-d256d1fb96f2","title":"update the arrow in the workspace toolbar","description":null,"dueDate":null,"priority":"medium","createdAt":"2026-03-23T06:13:19.115379Z","updatedAt":"2026-03-23T07:37:49.119250Z","workspaceIdentifier":"8acc2c42-0fda-43ae-8636-c9f39067e51d","done":true}','2026-03-23T07:37:53.757379+00:00');
INSERT INTO recycle_bin VALUES(X'3dfe767824f045febf199a1aa29e94d7',X'634bf41540044156abf21036ec17bdf2','todo',X'8acc2c420fda43ae8636c9f39067e51d','{"identifier":"634bf415-4004-4156-abf2-1036ec17bdf2","title":"Update","description":"remove border from the workspace icon","dueDate":null,"priority":"medium","createdAt":"2026-03-23T06:13:01.542176Z","updatedAt":"2026-03-23T07:37:41.440354Z","workspaceIdentifier":"8acc2c42-0fda-43ae-8636-c9f39067e51d","done":true}','2026-03-23T07:37:53.762351+00:00');
INSERT INTO recycle_bin VALUES(X'8beb0057daf64f8a91d17a41d87f8bd0',X'bba7d2f3f81c4135b0e4836b9b2c4fea','note',X'e4a9def41a4247609e8eb54c76d82a3d','{"identifier":"bba7d2f3-f81c-4135-b0e4-836b9b2c4fea","title":"Returning activated 2fa","content":"1. sqlx migration to add activated to the data \n2. on setup confirmation, set activated = true in the enabled hook \n3. update the db query to return only activated things. \n\n&nbsp;","categories":[],"createdAt":"2026-03-16T09:04:19.423208Z","updatedAt":"2026-03-16T09:04:19.423208Z","workspaceIdentifier":"e4a9def4-1a42-4760-9e8e-b54c76d82a3d"}','2026-03-23T07:46:54.601741+00:00');
INSERT INTO recycle_bin VALUES(X'68cd1bb6a98845faafc84fcea37d7a6e',X'21453230bf86417da401f313067491db','note',X'e4a9def41a4247609e8eb54c76d82a3d','{"identifier":"21453230-bf86-417d-a401-f313067491db","title":"Recovery codes tickets","content":"## Make it very modular \n\n- A ticket for each strategic part.\n\n&nbsp;","categories":[],"createdAt":"2026-03-16T08:27:13.773289Z","updatedAt":"2026-03-16T08:27:13.773290Z","workspaceIdentifier":"e4a9def4-1a42-4760-9e8e-b54c76d82a3d"}','2026-03-23T07:47:04.168624+00:00');
INSERT INTO recycle_bin VALUES(X'87dbac0e266547579b94e6ff07af65ce',X'3709f9b3895b4fdab105ea7fb9bb7a10','note',X'e4a9def41a4247609e8eb54c76d82a3d','{"identifier":"3709f9b3-895b-4fda-b105-ea7fb9bb7a10","title":"Endpoints that require plugins","content":"1. change bank details\n  [PUT https://api.tranq.services/bank/details](https://api.tranq.services/bank/details)\n  1. found in Apollo\n2. Password change \n  1. POST\n    [https://api.tranq.services/user/profile/update-password](https://api.tranq.services/user/profile/update-password)\n  2. Found in Hera\n3. email update \n  1. POST\n    [https://api.tranq.services/user/profile/change-email](https://api.tranq.services/user/profile/change-email)\n  2. Found in Hera\n4. account deletion \n\n&nbsp;","categories":[],"createdAt":"2026-03-23T12:50:37.365487Z","updatedAt":"2026-03-23T12:50:37.365487Z","workspaceIdentifier":"e4a9def4-1a42-4760-9e8e-b54c76d82a3d"}','2026-03-23T12:50:43.107934+00:00');
INSERT INTO recycle_bin VALUES(X'f7a9d279400d44169edd22cc1f0bdbce',X'91dec16463f24c66a6d6001f2ab98e98','note',X'e4a9def41a4247609e8eb54c76d82a3d','{"identifier":"91dec164-63f2-4c66-a6d6-001f2ab98e98","title":"to","content":"","categories":[],"createdAt":"2026-03-23T21:51:57.769961Z","updatedAt":"2026-03-23T21:51:57.769961Z","workspaceIdentifier":"e4a9def4-1a42-4760-9e8e-b54c76d82a3d"}','2026-03-24T22:56:52.374461+00:00');
INSERT INTO recycle_bin VALUES(X'efc7b104a0d84d5fa6670877da219565',X'e35e841e9ca74f0ebb7c65ee04385a71','bookmark',X'eade09869f2a43bfba57c60c5a5c5e7c','{"identifier":"e35e841e-9ca7-4f0e-bb7c-65ee04385a71","title":"My private profile on Tranqbay","url":"https://alex-browed.dev.tranqbay.care/","tag":"development","workspaceIdentifier":"eade0986-9f2a-43bf-ba57-c60c5a5c5e7c","createdAt":"2026-03-03T13:21:22.077140Z","updatedAt":"2026-03-03T13:21:22.077140Z"}','2026-03-25T06:42:20.703442+00:00');
INSERT INTO recycle_bin VALUES(X'abf69de619914ec1a3116ff0f9d0471f',X'9fceb2e05a924c23bd5fbb1c898ee9de','snippet',X'e4a9def41a4247609e8eb54c76d82a3d','{"identifier":"9fceb2e0-5a92-4c23-bd5f-bb1c898ee9de","title":"Prover missing logs","language":"Bash","code":"lib_kratos::service::client::provider_client: Failed to cache provider info: broken pipe\n\n2026-03-09T13:38:46.691050Z  INFO retrieve_provider_info{identifier=\"01KJSWQN1W7JF8M0YF9TDX400Y\" include_provider_user_identifier=false account_type=Some(\"platform\") provider.id=01KJSWQN1W7JF8M0YF9TDX400Y}: lib_kratos::service::client::provider_client: retrieve_provider_info: cache_key=provider_info:01KJSWQN1W7JF8M0YF9TDX400Y:false:platform, account_type=Some(\"platform\")\n\n2026-03-09T13:38:46.691115Z  INFO retrieve_provider_info{identifier=\"01KJSWQN1W7JF8M0YF9TDX400Y\" include_provider_user_identifier=false account_type=Some(\"platform\") provider.id=01KJSWQN1W7JF8M0YF9TDX400Y}: lib_kratos::service::client::provider_client: retrieve_provider_info: CACHE MISS for key=provider_info:01KJSWQN1W7JF8M0YF9TDX400Y:false:platform, calling retrieve_provider_by_identifier\n\n2026-03-09T13:38:46.691135Z  INFO retrieve_provider_info{identifier=\"01KJSWQN1W7JF8M0YF9TDX400Y\" include_provider_user_identifier=false account_type=Some(\"platform\") provider.id=01KJSWQN1W7JF8M0YF9TDX400Y}:retrieve_provider_by_identifier{identifier=\"01KJSWQN1W7JF8M0YF9TDX400Y\" account_type=Some(\"platform\") provider.id=01KJSWQN1W7JF8M0YF9TDX400Y}: lib_kratos::service::client::provider_client: retrieve_provider_by_identifier: cache_key=provider:01KJSWQN1W7JF8M0YF9TDX400Y:platform, account_type=Some(\"platform\")\n\n2026-03-09T13:38:46.691153Z  INFO retrieve_provider_info{identifier=\"01KJSWQN1W7JF8M0YF9TDX400Y\" include_provider_user_identifier=false account_type=Some(\"platform\") provider.id=01KJSWQN1W7JF8M0YF9TDX400Y}:retrieve_provider_by_identifier{identifier=\"01KJSWQN1W7JF8M0YF9TDX400Y\" account_type=Some(\"platform\") provider.id=01KJSWQN1W7JF8M0YF9TDX400Y}: lib_kratos::service::client::provider_client: retrieve_provider_by_identifier: CACHE MISS for key=provider:01KJSWQN1W7JF8M0YF9TDX400Y:platform\n\n2026-03-09T13:38:46.731049Z ERROR retrieve_provider_info{identifier=\"01KJSWQN1W7JF8M0YF9TDX400Y\" include_provider_user_identifier=false account_type=Some(\"platform\") provider.id=01KJSWQN1W7JF8M0YF9TDX400Y}:retrieve_provider_by_identifier{identifier=\"01KJSWQN1W7JF8M0YF9TDX400Y\" account_type=Some(\"platform\") provider.id=01KJSWQN1W7JF8M0YF9TDX400Y}:get_json_optional{url=\"http://provider.dev.svc.cluster.local:4001/provider/auth?CountryIdentifierOnly=false&StateIdentifierOnly=false&LanguageIdentifierOnly=false\" http.method=\"GET\" http.url=http://provider.dev.svc.cluster.local:4001/provider/auth?CountryIdentifierOnly=false&StateIdentifierOnly=false&LanguageIdentifierOnly=false}:get_json{url=\"http://provider.dev.svc.cluster.local:4001/provider/auth?CountryIdentifierOnly=false&StateIdentifierOnly=false&LanguageIdentifierOnly=false\" http.method=\"GET\" http.url=http://provider.dev.svc.cluster.local:4001/provider/auth?CountryIdentifierOnly=false&StateIdentifierOnly=false&LanguageIdentifierOnly=false}: lib_kratos::service::client::client: HTTP request failed with status 404: {\"success\":false,\"errors\":\"No matching provider account found for type: PLATFORM\"}\n\n2026-03-09T13:38:46.731127Z ERROR retrieve_provider_info{identifier=\"01KJSWQN1W7JF8M0YF9TDX400Y\" include_provider_user_identifier=false account_type=Some(\"platform\") provider.id=01KJSWQN1W7JF8M0YF9TDX400Y}:retrieve_provider_by_identifier{identifier=\"01KJSWQN1W7JF8M0YF9TDX400Y\" account_type=Some(\"platform\") provider.id=01KJSWQN1W7JF8M0YF9TDX400Y}:get_json_optional{url=\"http://provider.dev.svc.cluster.local:4001/provider/auth?CountryIdentifierOnly=false&StateIdentifierOnly=false&LanguageIdentifierOnly=false\" http.method=\"GET\" http.url=http://provider.dev.svc.cluster.local:4001/provider/auth?CountryIdentifierOnly=false&StateIdentifierOnly=false&LanguageIdentifierOnly=false}: lib_kratos::service::client::client: Optional GET request failed for http://provider.dev.svc.cluster.local:4001/provider/auth?CountryIdentifierOnly=false&StateIdentifierOnly=false&LanguageIdentifierOnly=false: {\"success\":false,\"errors\":\"No matching provider account found for type: PLATFORM\"}\n\n2026-03-09T13:38:46.952836Z  INFO retrieve_dto{use_request_timezone=false booking.provider=01KJSWQN1W7JF8M0YF9TDX400Y}:retrieve_provider_info{identifier=\"01KJSWQN1W7JF8M0YF9TDX400Y\" include_provider_user_identifier=true account_type=Some(\"platform\") provider.id=01KJSWQN1W7JF8M0YF9TDX400Y}: lib_kratos::service::client::provider_client: retrieve_provider_info: cache_key=provider_info:01KJSWQN1W7JF8M0YF9TDX400Y:true:platform, account_type=Some(\"platform\")\n\n2026-03-09T13:38:46.952996Z  INFO retrieve_dto{use_request_timezone=false booking.provider=01KJSWQN1W7JF8M0YF9TDX400Y}:retrieve_provider_info{identifier=\"01KJSWQN1W7JF8M0YF9TDX400Y\" include_provider_user_identifier=true account_type=Some(\"platform\") provider.id=01KJSWQN1W7JF8M0YF9TDX400Y}: lib_kratos::service::client::provider_client: retrieve_provider_info: CACHE MISS for key=provider_info:01KJSWQN1W7JF8M0YF9TDX400Y:true:platform, calling retrieve_provider_by_identifier\n\n2026-03-09T13:38:46.953024Z  INFO retrieve_dto{use_request_timezone=false booking.provider=01KJSWQN1W7JF8M0YF9TDX400Y}:retrieve_provider_info{identifier=\"01KJSWQN1W7JF8M0YF9TDX400Y\" include_provider_user_identifier=true account_type=Some(\"platform\") provider.id=01KJSWQN1W7JF8M0YF9TDX400Y}:retrieve_provider_by_identifier{identifier=\"01KJSWQN1W7JF8M0YF9TDX400Y\" account_type=Some(\"platform\") provider.id=01KJSWQN1W7JF8M0YF9TDX400Y}: lib_kratos::service::client::provider_client: retrieve_provider_by_identifier: cache_key=provider:01KJSWQN1W7JF8M0YF9TDX400Y:platform, account_type=Some(\"platform\")\n\n2026-03-09T13:38:46.953040Z  INFO retrieve_dto{use_request_timezone=false booking.provider=01KJSWQN1W7JF8M0YF9TDX400Y}:retrieve_provider_info{identifier=\"01KJSWQN1W7JF8M0YF9TDX400Y\" include_provider_user_identifier=true account_type=Some(\"platform\") provider.id=01KJSWQN1W7JF8M0YF9TDX400Y}:retrieve_provider_by_identifier{identifier=\"01KJSWQN1W7JF8M0YF9TDX400Y\" account_type=Some(\"platform\") provider.id=01KJSWQN1W7JF8M0YF9TDX400Y}: lib_kratos::service::client::provider_client: retrieve_provider_by_identifier: CACHE MISS for key=provider:01KJSWQN1W7JF8M0YF9TDX400Y:platform\n\n2026-03-09T13:38:46.984458Z ERROR retrieve_dto{use_request_timezone=false booking.provider=01KJSWQN1W7JF8M0YF9TDX400Y}:retrieve_provider_info{identifier=\"01KJSWQN1W7JF8M0YF9TDX400Y\" include_provider_user_identifier=true account_type=Some(\"platform\") provider.id=01KJSWQN1W7JF8M0YF9TDX400Y}:retrieve_provider_by_identifier{identifier=\"01KJSWQN1W7JF8M0YF9TDX400Y\" account_type=Some(\"platform\") provider.id=01KJSWQN1W7JF8M0YF9TDX400Y}:get_json_optional{url=\"http://provider.dev.svc.cluster.local:4001/provider/auth?CountryIdentifierOnly=false&StateIdentifierOnly=false&LanguageIdentifierOnly=false\" http.method=\"GET\" http.url=http://provider.dev.svc.cluster.local:4001/provider/auth?CountryIdentifierOnly=false&StateIdentifierOnly=false&LanguageIdentifierOnly=false}:get_json{url=\"http://provider.dev.svc.cluster.local:4001/provider/auth?CountryIdentifierOnly=false&StateIdentifierOnly=false&LanguageIdentifierOnly=false\" http.method=\"GET\" http.url=http://provider.dev.svc.cluster.local:4001/provider/auth?CountryIdentifierOnly=false&StateIdentifierOnly=false&LanguageIdentifierOnly=false}: lib_kratos::service::client::client: HTTP request failed with status 404: {\"success\":false,\"errors\":\"No matching provider account found for type: PLATFORM\"}\n\n2026-03-09T13:38:46.984539Z ERROR retrieve_dto{use_request_timezone=false booking.provider=01KJSWQN1W7JF8M0YF9TDX400Y}:retrieve_provider_info{identifier=\"01KJSWQN1W7JF8M0YF9TDX400Y\" include_provider_user_identifier=true account_type=Some(\"platform\") provider.id=01KJSWQN1W7JF8M0YF9TDX400Y}:retrieve_provider_by_identifier{identifier=\"01KJSWQN1W7JF8M0YF9TDX400Y\" account_type=Some(\"platform\") provider.id=01KJSWQN1W7JF8M0YF9TDX400Y}:get_json_optional{url=\"http://provider.dev.svc.cluster.local:4001/provider/auth?CountryIdentifierOnly=false&StateIdentifierOnly=false&LanguageIdentifierOnly=false\" http.method=\"GET\" http.url=http://provider.dev.svc.cluster.local:4001/provider/auth?CountryIdentifierOnly=false&StateIdentifierOnly=false&LanguageIdentifierOnly=false}: lib_kratos::service::client::client: Optional GET request failed for http://provider.dev.svc.cluster.local:4001/provider/auth?CountryIdentifierOnly=false&StateIdentifierOnly=false&LanguageIdentifierOnly=false: {\"success\":false,\"errors\":\"No matching provider account found for type: PLATFORM\"}\n\n2026-03-09T13:38:46.997151Z ERROR retrieve_dto{use_request_timezone=false booking.provider=01KJSWQN1W7JF8M0YF9TDX400Y}:fetch_data{therapy_identifier=\"37c49dda-6917-4c87-b295-ad0322e4781f\" modality_identifier=\"61be927f-3d48-455b-956f-73530fff7a40\" category.therapy=37c49dda-6917-4c87-b295-ad0322e4781f category.modality=61be927f-3d48-455b-956f-73530fff7a40}: lib_kratos::service::client::category_client: Failed to cache categories data: broken pipe\n\n2026-03-09T13:38:46.999601Z ERROR retrieve_dto{use_request_timezone=false booking.provider=01KJSWQN1W7JF8M0YF9TDX400Y}:fetch_data{therapy_identifier=\"37c49dda-6917-4c87-b295-ad0322e4781f\" modality_identifier=\"61be927f-3d48-455b-956f-73530fff7a40\" category.therapy=37c49dda-6917-4c87-b295-ad0322e4781f category.modality=61be927f-3d48-455b-956f-73530fff7a40}:retrieve_resource{path=\"categories/therapy-modality\" identifier=\"61be927f-3d48-455b-956f-73530fff7a40\" category.path=categories/therapy-modality category.id=61be927f-3d48-455b-956f-73530fff7a40}: lib_kratos::service::client::category_client: Failed to cache category data: broken pipe\n\n2026-03-09T13:38:47.001263Z ERROR retrieve_dto{use_request_timezone=false booking.provider=01KJSWQN1W7JF8M0YF9TDX400Y}:fetch_data{therapy_identifier=\"37c49dda-6917-4c87-b295-ad0322e4781f\" modality_identifier=\"61be927f-3d48-455b-956f-73530fff7a40\" category.therapy=37c49dda-6917-4c87-b295-ad0322e4781f category.modality=61be927f-3d48-455b-956f-73530fff7a40}:retrieve_resource{path=\"categories/therapy\" identifier=\"37c49dda-6917-4c87-b295-ad0322e4781f\" category.path=categories/therapy category.id=37c49dda-6917-4c87-b295-ad0322e4781f}: lib_kratos::service::client::category_client: Failed to cache category data: broken pipe\n\n2026-03-09T13:38:47.017809Z  INFO lib_kratos::service::booking_helper_service: Successfully dispatched booking confirmed event\n","description":null,"isPinned":false,"createdAt":"2026-03-09T13:40:17.054048Z","updatedAt":"2026-03-09T13:40:17.054143Z","workspaceIdentifier":"e4a9def4-1a42-4760-9e8e-b54c76d82a3d"}','2026-03-28T20:48:19.364297+00:00');
INSERT INTO recycle_bin VALUES(X'8b844c636f444bc3a622c9173fe4b329',X'f3e96553f52f49079f3734a6ce34042a','todo',X'9385ac75dd694004b588b4e85c82558a','{"identifier":"f3e96553-f52f-4907-9f37-34a6ce34042a","title":"Weangle — create backoffice repo","description":null,"dueDate":null,"priority":"medium","createdAt":"2026-03-28T06:55:41.821060Z","updatedAt":"2026-03-28T21:12:06.975879Z","workspaceIdentifier":"9385ac75-dd69-4004-b588-b4e85c82558a","done":true}','2026-03-29T21:50:18.725161+00:00');
INSERT INTO recycle_bin VALUES(X'609704b8034a42418eab9a8c5945590b',X'1f4fc72675e546b6bbf9a0ac069002ac','todo',X'9385ac75dd694004b588b4e85c82558a','{"identifier":"1f4fc726-75e5-46b6-bbf9-a0ac069002ac","title":"add contact form","description":null,"dueDate":null,"priority":"medium","createdAt":"2026-03-28T06:56:42.515111Z","updatedAt":"2026-03-28T21:12:15.937671Z","workspaceIdentifier":"9385ac75-dd69-4004-b588-b4e85c82558a","done":true}','2026-03-29T21:50:18.727472+00:00');
INSERT INTO recycle_bin VALUES(X'281dc952f0d544708bf7ce8c27434afc',X'fc3f1fe6f96644d38a69e7ad379e5300','todo',X'9385ac75dd694004b588b4e85c82558a','{"identifier":"fc3f1fe6-f966-44d3-8a69-e7ad379e5300","title":"USe app theme in back office","description":null,"dueDate":null,"priority":"medium","createdAt":"2026-03-28T06:55:51.231987Z","updatedAt":"2026-03-28T21:12:09.465048Z","workspaceIdentifier":"9385ac75-dd69-4004-b588-b4e85c82558a","done":true}','2026-03-29T21:50:18.729933+00:00');
INSERT INTO recycle_bin VALUES(X'9f913a9e9b5241d8acedbdd7b12fe3f1',X'dd77074c9a36407d83a0bf692f1c7da9','todo',X'9385ac75dd694004b588b4e85c82558a','{"identifier":"dd77074c-9a36-407d-83a0-bf692f1c7da9","title":"create uploads API","description":null,"dueDate":null,"priority":"medium","createdAt":"2026-03-28T06:56:05.745525Z","updatedAt":"2026-03-28T21:12:12.288708Z","workspaceIdentifier":"9385ac75-dd69-4004-b588-b4e85c82558a","done":true}','2026-03-29T21:50:18.725842+00:00');
INSERT INTO recycle_bin VALUES(X'7e141e9560f44a5d809905f85a393636',X'0d68cf058dc74209bf789415f16a6bad','todo',X'9385ac75dd694004b588b4e85c82558a','{"identifier":"0d68cf05-8dc7-4209-bf78-9415f16a6bad","title":"add sea-orm","description":null,"dueDate":null,"priority":"high","createdAt":"2026-03-29T21:50:38.342425Z","updatedAt":"2026-03-30T02:23:54.687049Z","workspaceIdentifier":"9385ac75-dd69-4004-b588-b4e85c82558a","done":true}','2026-03-30T22:28:59.129856+00:00');
INSERT INTO recycle_bin VALUES(X'975baefb692c4f898d25063c0072c824',X'73ddc8a6869742d6ae0caaa09b7c0ddc','todo',X'9385ac75dd694004b588b4e85c82558a','{"identifier":"73ddc8a6-8697-42d6-ae0c-aaa09b7c0ddc","title":"add grapql for effective quering","description":null,"dueDate":null,"priority":"medium","createdAt":"2026-03-28T06:56:24.644269Z","updatedAt":"2026-03-30T02:23:53.258856Z","workspaceIdentifier":"9385ac75-dd69-4004-b588-b4e85c82558a","done":true}','2026-03-30T22:28:59.130595+00:00');
INSERT INTO recycle_bin VALUES(X'93bcc4ac76a446ea86bf10a01c4ea369',X'368066dc83aa490b87a430f1fe9e7c33','note',X'e4a9def41a4247609e8eb54c76d82a3d','{"identifier":"368066dc-83aa-490b-87a4-30f1fe9e7c33","title":"Untitled","content":"authorizer for user identifier ","categories":[],"createdAt":"2026-03-31T08:47:52.729416Z","updatedAt":"2026-03-31T10:18:57.362959Z","workspaceIdentifier":"e4a9def4-1a42-4760-9e8e-b54c76d82a3d"}','2026-03-31T10:19:10.367007+00:00');
INSERT INTO recycle_bin VALUES(X'69b8d9d8b2dc4941916fa7b15e787f24',X'35c8463188b54cd4b5dce10c410531f7','note',X'e4a9def41a4247609e8eb54c76d82a3d','{"identifier":"35c84631-88b5-4cd4-b5dc-e10c410531f7","title":"Adaramoti’s security code","content":"[\n\n    \"ef33-iH3i\",\n\n    \"a1bZ-UYSA\",\n\n    \"3ah3-fH6T\",\n\n    \"bHLI-KUl7\",\n\n    \"pjHh-VC19\",\n\n    \"4S52-GD4X\",\n\n    \"WCk3-l576\",\n\n    \"Hw24-UVoU\",\n\n    \"ppxK-2tHX\",\n\n    \"bXNX-uosx\"\n\n]","categories":[],"createdAt":"2026-03-31T07:13:12.344175Z","updatedAt":"2026-03-31T07:13:12.344176Z","workspaceIdentifier":"e4a9def4-1a42-4760-9e8e-b54c76d82a3d"}','2026-03-31T10:19:16.363785+00:00');
INSERT INTO recycle_bin VALUES(X'09f20ef778be4da7a9c70a150987df96',X'2d7ad748f90647079df5b650667b3ef7','todo',X'e4a9def41a4247609e8eb54c76d82a3d','{"identifier":"2d7ad748-f906-4707-9df5-b650667b3ef7","title":"Fix all email dual fonts","description":"In booking confirmed sent to an unregistered client, the provider details are wrong, it looks as tho the data is not published to the event, inspect and fix this.","dueDate":"2026-03-09","priority":"high","createdAt":"2026-03-09T06:43:31.032217Z","updatedAt":"2026-03-16T08:53:40.030476Z","workspaceIdentifier":"e4a9def4-1a42-4760-9e8e-b54c76d82a3d","done":true}','2026-03-31T11:30:01.011152+00:00');
INSERT INTO recycle_bin VALUES(X'0d9ec09be9144cd7a06eaabfdc2a3115',X'9a08064670454a3e9a5022d914068f19','todo',X'e4a9def41a4247609e8eb54c76d82a3d','{"identifier":"9a080646-7045-4a3e-9a50-22d914068f19","title":"The 2fa code still works after 30 seconds of expiration.","description":null,"dueDate":null,"priority":"high","createdAt":"2026-03-09T10:31:15.329036Z","updatedAt":"2026-03-16T08:53:38.137901Z","workspaceIdentifier":"e4a9def4-1a42-4760-9e8e-b54c76d82a3d","done":true}','2026-03-31T11:30:01.014044+00:00');
INSERT INTO recycle_bin VALUES(X'e7b0f45e44b74fe680d6f633128a211d',X'8fc93e64b44543ee842174135034034a','todo',X'e4a9def41a4247609e8eb54c76d82a3d','{"identifier":"8fc93e64-b445-43ee-8421-74135034034a","title":"inspect the two factor code not sent","description":null,"dueDate":null,"priority":"medium","createdAt":"2026-03-09T10:15:21.792254Z","updatedAt":"2026-03-09T10:15:24.138963Z","workspaceIdentifier":"e4a9def4-1a42-4760-9e8e-b54c76d82a3d","done":true}','2026-03-31T11:30:01.014436+00:00');
INSERT INTO recycle_bin VALUES(X'ac6d9535b8534d119260fb412aaaaf70',X'6e82eb74f56b42dbaae2216bdcbb9dc5','todo',X'e4a9def41a4247609e8eb54c76d82a3d','{"identifier":"6e82eb74-f56b-42db-aae2-216bdcbb9dc5","title":"Test","description":null,"dueDate":null,"priority":"medium","createdAt":"2026-03-28T20:46:48.754862Z","updatedAt":"2026-03-31T11:29:58.253909Z","workspaceIdentifier":"e4a9def4-1a42-4760-9e8e-b54c76d82a3d","done":true}','2026-03-31T11:30:01.015547+00:00');
INSERT INTO recycle_bin VALUES(X'b70c80c3562448c98a15ff81e47fbcc7',X'707fc3e0f283458d86431521b1e4bc80','note',X'e4a9def41a4247609e8eb54c76d82a3d','{"identifier":"707fc3e0-f283-458d-8643-1521b1e4bc80","title":"2fa err","content":"User should not be able to bypass the 2fa once it is enabled ","categories":[],"createdAt":"2026-03-30T11:15:08.618769Z","updatedAt":"2026-03-30T11:15:08.618769Z","workspaceIdentifier":"e4a9def4-1a42-4760-9e8e-b54c76d82a3d"}','2026-03-31T11:30:17.364618+00:00');
INSERT INTO recycle_bin VALUES(X'f9a3d4afd18b4c73b08037d366ee7d66',X'70b9d37c653c46dc8cb6bf8e19057ab1','note',X'e4a9def41a4247609e8eb54c76d82a3d','{"identifier":"70b9d37c-653c-46dc-8cb6-bf8e19057ab1","title":"Practical Guide to TOTP-Based 2FA in Rust Web Applications","content":"1. what is totp \n2. why use it \n3. how does it work \n4. implementing this in Rust. \n\n&nbsp;","categories":[],"createdAt":"2026-03-24T22:56:26.898257Z","updatedAt":"2026-03-24T22:56:26.898258Z","workspaceIdentifier":"e4a9def4-1a42-4760-9e8e-b54c76d82a3d"}','2026-03-31T11:30:29.955419+00:00');
INSERT INTO recycle_bin VALUES(X'bc229ec9bbd043d49f6f83615cfd1198',X'83aee72cfb3e46df92171043c802fc43','reminder',X'e4a9def41a4247609e8eb54c76d82a3d','{"identifier":"83aee72c-fb3e-46df-9217-1043c802fc43","title":"call babes","description":null,"recurring":false,"recurrenceRule":null,"alarmSound":null,"workspaceIdentifier":"e4a9def4-1a42-4760-9e8e-b54c76d82a3d","remindAt":"2026-03-28T20:47:00Z","createdAt":"2026-03-28T20:44:50.110273Z","updatedAt":"2026-03-28T20:44:50.110410Z"}','2026-03-31T13:02:32.877938+00:00');
INSERT INTO recycle_bin VALUES(X'e8df11e48a0143e897646771bd1916ae',X'b045e20c9255449f83d05615598ed466','reminder',X'e4a9def41a4247609e8eb54c76d82a3d','{"identifier":"b045e20c-9255-449f-83d0-5615598ed466","title":"Test","description":"Eeee","recurring":false,"recurrenceRule":null,"alarmSound":null,"workspaceIdentifier":"e4a9def4-1a42-4760-9e8e-b54c76d82a3d","remindAt":"2026-03-28T20:50:00Z","createdAt":"2026-03-28T20:47:37.070408Z","updatedAt":"2026-03-28T20:47:37.070612Z"}','2026-03-31T13:02:34.008692+00:00');
INSERT INTO recycle_bin VALUES(X'1349a7a5d2024567b29f3f8126e7f669',X'2660d89bde2f4c92a3675ef9b8ca5d6a','reminder',X'e4a9def41a4247609e8eb54c76d82a3d','{"identifier":"2660d89b-de2f-4c92-a367-5ef9b8ca5d6a","title":"Test","description":null,"recurring":false,"recurrenceRule":null,"alarmSound":null,"workspaceIdentifier":"e4a9def4-1a42-4760-9e8e-b54c76d82a3d","remindAt":"2026-03-31T13:10:00Z","createdAt":"2026-03-31T13:02:59.049187Z","updatedAt":"2026-03-31T13:02:59.049348Z"}','2026-03-31T18:52:49.697213+00:00');
INSERT INTO recycle_bin VALUES(X'090f141e67bf4b4d94f1a50da2afc4e9',X'c6d2f01290624474bcb323c2e1888ed1','note',X'ed42af204199419299e0965e2263d49e','{"identifier":"c6d2f012-9062-4474-bcb3-23c2e1888ed1","title":"Untitled","content":"10:30 — 10:55\n\nTestimony time","categories":[],"createdAt":"2026-03-31T08:20:21.571340Z","updatedAt":"2026-03-31T08:20:21.571340Z","workspaceIdentifier":"ed42af20-4199-4192-99e0-965e2263d49e"}','2026-04-01T00:45:48.672055+00:00');
INSERT INTO recycle_bin VALUES(X'fffec6ff14094e20a75f49b4df4cc86d',X'a4b0f1fcea7d42ecaf702ee1e5dbf14c','note',X'ed42af204199419299e0965e2263d49e','{"identifier":"a4b0f1fc-ea7d-42ec-af70-2ee1e5dbf14c","title":"Untitled","content":"10:30 — 10:55\n\nTestimony time","categories":[],"createdAt":"2026-03-31T08:20:21.526048Z","updatedAt":"2026-03-31T08:20:21.526048Z","workspaceIdentifier":"ed42af20-4199-4192-99e0-965e2263d49e"}','2026-04-01T00:45:57.518080+00:00');
INSERT INTO recycle_bin VALUES(X'16d048efe0634dc6a122d97a0bc97293',X'596fc0f0748542468f107c1e259b25be','note',X'e4a9def41a4247609e8eb54c76d82a3d','{"identifier":"596fc0f0-7485-4246-8f10-7c1e259b25be","title":"Fix notes","content":"scope the notes to provider account and client type. \n\ntest and push. ","categories":[],"createdAt":"2026-03-31T12:24:06.321538Z","updatedAt":"2026-03-31T12:24:06.321538Z","workspaceIdentifier":"e4a9def4-1a42-4760-9e8e-b54c76d82a3d"}','2026-04-02T14:28:32.931730+00:00');
INSERT INTO recycle_bin VALUES(X'04a8a968a2594c6ba72f822fa3904937',X'361d783ecbf845ec852eac3302e1f5e8','note',X'ed42af204199419299e0965e2263d49e','{"identifier":"361d783e-cbf8-45ec-852e-ac3302e1f5e8","title":"NCCF Drama Ministration","content":"# True Faith Believes God’s Word Above Circumstances\n\n## CHARACTERS:\n\n- Narrator  \n- David  \n- Grace  \n- Mr. Ade  \n- Fear  \n- Faith\n\n---\n\n## SCENE 1: THE BAD NEWS\n\n*(Office setting. David is seated. Mr. Ade walks in.)*\n\n**Mr. Ade:**  \n\nDavid, I’m sorry… due to company restructuring, your position has been terminated.\n\n**David (shaken):**  \n\nSir… I don’t understand… what will I do now?\n\n**Mr. Ade:**  \n\nI wish you the best. *(Exits)*\n\n*(David sits, troubled. Fear enters slowly.)*\n\n**Fear (soft, dark tone):**  \n\nNow you see… everything is falling apart.\n\n**David:**  \n\nNo… God is with me…\n\n**Fear (mocking):**  \n\nWith you? Then why did you lose your job?\n\n*(Reference: Matthew 14:30 – Peter saw the wind and became afraid)*\n\n---\n\n## SCENE 2: THE STRUGGLE\n\n*(Grace enters quickly.)*\n\n**Grace:**  \n\nDavid! I heard what happened.\n\n**David:**  \n\nGrace, I’m trying to be strong… but I’m scared.\n\n**Fear (interrupting):**  \n\nYes! Be scared! This is the end!\n\n**Grace (firmly):**  \n\nNo! The Bible says:  \n\n2 Timothy 1:7 – “For God has not given us the spirit of fear…”\n\n*(Faith enters calmly.)*\n\n**Faith:**  \n\nDavid, remember:  \n\nRomans 10:17 – “Faith comes by hearing, and hearing by the word of God.”\n\n**David:**  \n\nBut how can I have faith now?\n\n---\n\n## :clapper: SCENE 3: THE REVELATION\n\n**Faith:**  \n\nFaith is not based on what you see…  \n\n2 Corinthians 5:7 – “For we walk by faith, not by sight.”\n\n**Grace:**  \n\nGod is still your source:  \n\nPhilippians 4:19 – “My God shall supply all your needs…”\n\n**Fear:**  \n\nBut there is no job!\n\n**Faith:**  \n\nThere was also no way in the Red Sea…  \n\nExodus 14:21–22 – God made a way where there was none.\n\n**Grace:**  \n\nAnd remember Abraham:  \n\nRomans 4:18 – “Who against hope believed in hope…”\n\n---\n\n## :clapper: SCENE 4: THE DECISION\n\n*(David slowly stands up, gaining strength.)*\n\n**David:**  \n\nI may not understand everything…  \n\nBut I choose to trust God.  \n\nProverbs 3:5 – “Trust in the Lord with all your heart…”\n\n**Fear (weakened):**  \n\nThis is foolish!\n\n**David (boldly):**  \n\nNo! This is faith!  \n\nHebrews 11:6 – “Without faith it is impossible to please God…”\n\n**Faith (strong):**  \n\nSpeak what you believe!\n\n---\n\n## :clapper: SCENE 5: DECLARATION\n\n**David (loud and confident):**  \n\nGod is my provider!  \n\nI will not lack!  \n\nPsalm 23:1 – “The Lord is my shepherd; I shall not want.”\n\nDoors are opening for me!  \n\nRevelation 3:8 – “I have set before you an open door…”\n\n*(Fear staggers and exits.)*\n\n---\n\n## :clapper: SCENE 6: THE TESTIMONY\n\n*(Phone rings. David answers.)*\n\n**David:**  \n\nHello?\n\n**Voice (offstage):**  \n\nYou’ve been selected for a new position—with better pay!\n\n**David (overjoyed):**  \n\nThank You, Jesus!\n\n**Grace:**  \n\nWhat did I tell you?\n\n**Faith:**  \n\nFaith always produces results.  \n\nMark 11:24 – “Whatsoever you desire… believe that you receive…”\n\n---\n\n## :clapper: FINAL SCENE: MESSAGE\n\n*(Narrator steps forward. Others stand behind.)*\n\n**Narrator:**  \n\nFaith is not denying reality…  \n\nIt is believing God’s Word above reality.  \n\nHebrews 11:1 – “Now faith is the substance of things hoped for…”\n\n---\n\n## :performing_arts: ENDING (ALL TOGETHER)\n\n**All (boldly):**  \n\n2 Corinthians 5:7 – “We walk by faith, not by sight!”","categories":[],"createdAt":"2026-04-08T11:30:47.213642Z","updatedAt":"2026-04-08T12:13:53.930310Z","workspaceIdentifier":"ed42af20-4199-4192-99e0-965e2263d49e"}','2026-04-12T11:24:04.392089+00:00');
INSERT INTO recycle_bin VALUES(X'ad6f93c1898141158a0809e251cd09da',X'2c6a8592ea7c4a5d845d34afa3ef567c','note',X'ed42af204199419299e0965e2263d49e','{"identifier":"2c6a8592-ea7c-4a5d-845d-34afa3ef567c","title":"Hhh","content":"1. It cannot fly\n2. If she’s getting married, who is that person \n3. What is mum saying? \n\n&nbsp;","categories":[],"createdAt":"2026-04-08T09:06:48.207686Z","updatedAt":"2026-04-08T09:06:48.207687Z","workspaceIdentifier":"ed42af20-4199-4192-99e0-965e2263d49e"}','2026-04-12T11:24:08.826842+00:00');
INSERT INTO recycle_bin VALUES(X'd40fcd19114641718f97ad40ad9478d4',X'c05498e9517e40a99b9842930a91b83e','bookmark',X'e4a9def41a4247609e8eb54c76d82a3d','{"identifier":"c05498e9-517e-40a9-9b98-42930a91b83e","title":"My private profile on Tranqbay","url":"https://alex-browed.dev.tranqbay.care/","tag":"development","workspaceIdentifier":"e4a9def4-1a42-4760-9e8e-b54c76d82a3d","createdAt":"2026-03-24T22:45:19.147808Z","updatedAt":"2026-03-24T22:45:19.147809Z"}','2026-04-13T09:18:01.218+00:00');
INSERT INTO recycle_bin VALUES(X'a480f294dfaf4112b59c45474e02161b',X'0aaad37f56524f6fbe7b40d21b736807','bookmark',X'ed42af204199419299e0965e2263d49e','{"identifier":"0aaad37f-5652-4f6f-be7b-40d21b736807","title":"Movie: Art of war","url":"https://www.netflix.com/watch/70120073?trackId=254015180&tctx=0%2C0%2C6e7321e9-b4c8-4955-97bc-da6bb4ebfb36-255956153%2CNES_E423CF363517A75C04992F45C1B1AE-E911D54DEEF141-B1DEE09845_p_1775159090645%2CNES_E423CF363517A75C04992F45C1B1AE_p_1775159090645%2C%2C%2C%2C%2CVideo%3A70120073%2CbillboardPlayButton","tag":"development","workspaceIdentifier":"ed42af20-4199-4192-99e0-965e2263d49e","createdAt":"2026-04-02T19:45:37.248471Z","updatedAt":"2026-04-02T19:45:37.248472Z"}','2026-04-14T09:04:08.907137+00:00');
INSERT INTO recycle_bin VALUES(X'c07ac15a0e4a4d15a5b082757c1c2b84',X'901d71b8ca0b4c5999a6fe29b994bbcf','note',X'e4a9def41a4247609e8eb54c76d82a3d','{"identifier":"901d71b8-ca0b-4c59-99a6-fe29b994bbcf","title":"test","content":"<p></p><p></p>","categories":[],"createdAt":"2026-04-26T01:30:48.562505Z","updatedAt":"2026-04-26T12:24:34.606429Z","workspaceIdentifier":"e4a9def4-1a42-4760-9e8e-b54c76d82a3d"}','2026-04-26T12:24:40.264143+00:00');
INSERT INTO recycle_bin VALUES(X'c711b3ce5d1943bc8944729e7e61a208',X'31de52ae1dec4531b2b2ad85476a0741','note',X'ed42af204199419299e0965e2263d49e','{"identifier":"31de52ae-1dec-4531-b2b2-ad85476a0741","title":"TMTF","content":"<p>&nbsp;</p>","categories":[],"createdAt":"2026-04-23T11:10:30.878006Z","updatedAt":"2026-04-27T06:24:47.211314Z","workspaceIdentifier":"ed42af20-4199-4192-99e0-965e2263d49e"}','2026-04-27T06:37:20.161474+00:00');
INSERT INTO recycle_bin VALUES(X'f29be95b8fa243d2ab8ea3abb39788a7',X'90d5cd1207534d3691a574dc1eee1b92','note',X'ed42af204199419299e0965e2263d49e','{"identifier":"90d5cd12-0753-4d36-91a5-74dc1eee1b92","title":"Department of home science.","content":"- What is home science? \n- What is AI\n- AI today, \n- AI in home sciience\n- where to go from here \n\n&nbsp;","categories":[],"createdAt":"2026-04-21T11:56:54.230571Z","updatedAt":"2026-04-21T11:56:54.230571Z","workspaceIdentifier":"ed42af20-4199-4192-99e0-965e2263d49e"}','2026-04-27T06:37:26.248101+00:00');
INSERT INTO recycle_bin VALUES(X'4dab78b3eff843c4934417238269cef4',X'b1a2665431854a1cbb7ea1a596e37e1a','todo',X'ed42af204199419299e0965e2263d49e','{"identifier":"b1a26654-3185-4a1c-bb7e-a1a596e37e1a","title":"Write RFC for short flags for cargo","description":null,"dueDate":"2026-04-16","priority":"high","createdAt":"2026-03-29T12:57:32.318694Z","updatedAt":"2026-04-01T00:57:59.435747Z","workspaceIdentifier":"ed42af20-4199-4192-99e0-965e2263d49e","done":true}','2026-05-03T21:39:18.001155+00:00');
INSERT INTO recycle_bin VALUES(X'432abc2d07b24ead8df23ea5079344c8',X'3b8f9504516e4c08b80b8f9f3a87ebe9','todo',X'ed42af204199419299e0965e2263d49e','{"identifier":"3b8f9504-516e-4c08-b80b-8f9f3a87ebe9","title":"Review PR on TWiR","description":null,"dueDate":null,"priority":"high","createdAt":"2026-04-27T07:05:29.234458Z","updatedAt":"2026-05-01T12:14:54.902176Z","workspaceIdentifier":"ed42af20-4199-4192-99e0-965e2263d49e","done":true}','2026-05-03T21:39:18.006896+00:00');
INSERT INTO recycle_bin VALUES(X'5c384185bba6454e90746669f2616334',X'808e20f18ba843e399569f3eaafa089f','todo',X'ed42af204199419299e0965e2263d49e','{"identifier":"808e20f1-8ba8-43e3-9956-9f3eaafa089f","title":"Apply for jobs","description":null,"dueDate":null,"priority":"high","createdAt":"2026-04-27T07:05:46.990801Z","updatedAt":"2026-05-01T12:14:58.672115Z","workspaceIdentifier":"ed42af20-4199-4192-99e0-965e2263d49e","done":true}','2026-05-03T21:39:18.007318+00:00');
INSERT INTO recycle_bin VALUES(X'0263a44923054dd6aab07797ac38f949',X'63672bbdaea3401b9dc5325306b23b34','todo',X'ed42af204199419299e0965e2263d49e','{"identifier":"63672bbd-aea3-401b-9dc5-325306b23b34","title":"Update CV","description":null,"dueDate":null,"priority":"high","createdAt":"2026-03-09T09:30:51.715093Z","updatedAt":"2026-03-29T12:56:54.694489Z","workspaceIdentifier":"ed42af20-4199-4192-99e0-965e2263d49e","done":true}','2026-05-03T21:39:18.003774+00:00');
INSERT INTO recycle_bin VALUES(X'17a92a73b0b0446dbdb0fe5a978ba5ad',X'7cd9c39cdcb64fb88cf9e1da85bb75ea','todo',X'ed42af204199419299e0965e2263d49e','{"identifier":"7cd9c39c-dcb6-4fb8-8cf9-e1da85bb75ea","title":"Implement Download as PDF in Kernel with Ironpress","description":null,"dueDate":null,"priority":"medium","createdAt":"2026-04-27T07:06:07.296157Z","updatedAt":"2026-05-01T12:15:04.211915Z","workspaceIdentifier":"ed42af20-4199-4192-99e0-965e2263d49e","done":true}','2026-05-03T21:39:18.008890+00:00');
INSERT INTO recycle_bin VALUES(X'5bc1d384c59f470fb9130d35fa985d64',X'fc545ce48721493db3b1df59c31fd291','note',X'ed42af204199419299e0965e2263d49e','{"identifier":"fc545ce4-8721-493d-b3b1-df59c31fd291","title":"Untitled","content":"<p><br>1st/2nd of May — intro </p><p>8th/9th/7th. —&nbsp;proper wedding. </p>","categories":[],"createdAt":"2026-04-28T17:36:20.438817Z","updatedAt":"2026-04-28T17:36:20.438818Z","workspaceIdentifier":"ed42af20-4199-4192-99e0-965e2263d49e"}','2026-05-18T17:51:03.403783+00:00');
CREATE TABLE IF NOT EXISTS "notes" ( "identifier" uuid_text NOT NULL PRIMARY KEY, "title" varchar NOT NULL, "content" text NOT NULL, "categories" json_text NULL, "created_at" timestamp_with_timezone_text NOT NULL, "updated_at" timestamp_with_timezone_text NOT NULL, "workspace_identifier" uuid_text, FOREIGN KEY ("workspace_identifier") REFERENCES "workspaces" ("identifier") ON DELETE CASCADE );
INSERT INTO notes VALUES(X'24d500d978ff4506831aada51c5a1622','Working on TOTP workflow',replace('- Use the totp-rs crate [https://crates.io/crates/totp-rs](https://crates.io/crates/totp-rs)\n- see articles here [https://levelup.gitconnected.com/rust-axum-totp-based-two-factor-authentication-2fa-server-bb5829f6c3a3](https://levelup.gitconnected.com/rust-axum-totp-based-two-factor-authentication-2fa-server-bb5829f6c3a3)\n- Sample implementation here github.com/0Itsuki0/Rust_TOTP2FAServer\n\n&nbsp;\n\n## Notes\n\n1. Send the OTP as data between the server and client \n2. The FE should be able to stream the QR code for this a. session may be needed\n\n&nbsp;','\n',char(10)),'[]','2026-03-09T06:42:05.921169+00:00','2026-03-09T06:42:05.921170+00:00',X'e4a9def41a4247609e8eb54c76d82a3d');
INSERT INTO notes VALUES(X'432e34ccd8d8453a9c0a28522e5bc48d','Two factor','Failed to deserialize query string: kind: unknown variant ``, expected one of `TwoFactorChallenge`, `EnableTwoFactor`, `DisableTwoFactor`, `SetupTwoFactor`','[]','2026-03-09T10:42:37.949739+00:00','2026-03-09T10:42:37.949740+00:00',X'e4a9def41a4247609e8eb54c76d82a3d');
INSERT INTO notes VALUES(X'c516341b72704b4eabb2e785245f8389','Practical Guide to TOTP-Based 2FA in Rust Web Applications',replace('1. what is totp \n2. why use it \n3. how does it work \n4. implementing this in Rust. \n\n&nbsp;','\n',char(10)),'[]','2026-03-12T14:29:08.626657+00:00','2026-03-12T14:29:08.626657+00:00',X'ed42af204199419299e0965e2263d49e');
INSERT INTO notes VALUES(X'cb717e49760a4f91ba3f8e6e84eea79f','How to implement recovery codes',replace('Recovery codes are **one-time backup codes** that allow a user to log in if they lose access to their TOTP authenticator (phone, app, etc.). They are typically generated when enabling **2FA** and each code can be used **only once**.\n\nSince you already implemented **TOTP + email 2FA** in your system, recovery codes are a natural next security layer.\n\nBelow is a **production-grade approach** commonly used by systems like GitHub, Google, and GitLab.\n\n---\n\n# 1. Database Schema\n\nStore **hashed recovery codes**, never plaintext.\n\nExample table:\n\n```sql\ntwo_factor_recovery_codes\n```\n\nFields:\n\n```text\nid (uuid / ulid)\nuser_id\ncode_hash\nused (bool)\nused_at (timestamp nullable)\ncreated_at\n\n```\n\nExample SeaORM entity structure:\n\n```rust\npub struct Model {\n    pub id: Ulid,\n    pub user_id: Ulid,\n    pub code_hash: String,\n    pub used: bool,\n    pub used_at: Option<DateTime>,\n    pub created_at: DateTime,\n}\n\n```\n\nImportant:\n\n- store **hash(code),** not raw code,\n- allows safe storage if DB leaks\n\n---\n\n# 2. Generate Recovery Codes\n\nGenerate **8–10 random codes** when enabling TOTP.\n\nExample format:\n\n```\nA7F4-K9P2\nX2J8-Q4L1\nP9D3-T6R8\n\n```\n\nRust example:\n\n```rust\nuse rand::{distributions::Alphanumeric, Rng};\n\nfn generate_code() -> String {\n    let code: String = rand::thread_rng()\n        .sample_iter(&Alphanumeric)\n        .take(8)\n        .map(char::from)\n        .collect();\n\n    format!("{}-{}", &code[0..4], &code[4..8])\n}\n\n```\n\nGenerate multiple:\n\n```rust\nlet codes: Vec<String> = (0..10).map(|_| generate_code()).collect();\n\n```\n\n---\n\n# 3. Hash Before Saving\n\nUse a password-style hash (Argon2 or bcrypt).\n\nExample:\n\n```rust\nuse argon2::{Argon2, PasswordHasher};\nuse password_hash::SaltString;\n\nfn hash_code(code: &str) -> String {\n    let salt = SaltString::generate(&mut rand::thread_rng());\n    Argon2::default()\n        .hash_password(code.as_bytes(), &salt)\n        .unwrap()\n        .to_string()\n}\n\n```\n\nStore only the hash.\n\n---\n\n# 4. Display Codes Once\n\nReturn the **plaintext codes only once** to the user.\n\nExample response:\n\n```json\n{\n  "recoveryCodes": [\n    "A7F4-K9P2",\n    "X2J8-Q4L1",\n    "P9D3-T6R8"\n  ]\n}\n\n```\n\nTell user to:\n\n- download\n- print\n- store securely\n\nNever show them again.\n\n---\n\n# 5. Login Flow\n\nTypical 2FA verification step:\n\n```\nEnter TOTP code\nOR\nEnter recovery code\n\n```\n\nFlow:\n\n```\nif verify_totp() {\n    success\n}\nelse if verify_recovery_code() {\n    mark_code_used()\n    success\n}\nelse {\n    deny\n}\n\n```\n\n---\n\n# 6. Verify Recovery Code\n\nExample logic:\n\n```rust\nfn verify_recovery_code(input: &str, stored_hash: &str) -> bool {\n    Argon2::default()\n        .verify_password(input.as_bytes(), &PasswordHash::new(stored_hash).unwrap())\n        .is_ok()\n}\n\n```\n\nIf valid:\n\n```rust\ncode.used = true;\ncode.used_at = now();\n\n```\n\n---\n\n# 7. Regenerate Codes\n\nAllow user to regenerate codes.\n\nWhen regenerating:\n\n```\ndelete all old codes\ngenerate new ones\n\n```\n\nSecurity pattern used by Google and GitHub.\n\n---\n\n# 8. Security Best Practices\n\n### Limit attempts\n\nPrevent brute force:\n\n```\nmax attempts: 5\nlock for 10 minutes\n\n```\n\n---\n\n### Code length\n\nRecommended:\n\n```\n8–12 characters\n\n```\n\n---\n\n### Number of codes\n\nIndustry standard:\n\n```\n8 or 10 codes\n\n```\n\n---\n\n### Format for usability\n\nExample:\n\n```\nABCD-EFGH\n\n```\n\nUsers type it easily.\n\n---\n\n# 9. UI UX Pattern\n\nWhen enabling 2FA:\n\n```\nStep 1: Scan QR\nStep 2: Verify TOTP\nStep 3: Download Recovery Codes\n\n```\n\nExample UI text:\n\n```\nSave these recovery codes somewhere safe.\n\nEach code can be used once if you lose access to your authenticator app.\n\n```\n\n---\n\n# 10. Recommended API Endpoints\n\n```\nPOST /2fa/totp/enable\nPOST /2fa/totp/verify\nGET  /2fa/recovery-codes\nPOST /2fa/recovery-codes/regenerate\nPOST /2fa/recovery-codes/use\n\n```\n\n---\n\n# 11. Bonus: Offline-first systems\n\nSince you''re building **offline-first systems with SQLite + sync queue**, recovery codes can still work offline because:\n\n- Verification is **local**\n- Just check hash in SQLite\n- mark used\n- sync state later\n\n---\n\n:check_mark_button: **Best architecture summary**\n\n```\nTOTP enabled\n        │\n        ▼\nGenerate 10 recovery codes\n        │\n        ▼\nHash codes in DB\n        │\n        ▼\nShow plaintext once\n        │\n        ▼\nLogin accepts:\n   TOTP OR Recovery Code\n        │\n        ▼\nRecovery code marked used\n\n```\n\n---\n\n&nbsp;','\n',char(10)),'[]','2026-03-16T00:18:09.859878+00:00','2026-03-23T07:49:29.175657+00:00',X'e4a9def41a4247609e8eb54c76d82a3d');
INSERT INTO notes VALUES(X'94a6332e25ff47ccb1d838d564895537','Endpoints that require plugins',replace('1. change bank details\n  [PUT https://api.tranq.services/bank/details](https://api.tranq.services/bank/details)\n  1. found in Apollo\n2. Password change \n  1. POST\n    [https://api.tranq.services/user/profile/update-password](https://api.tranq.services/user/profile/update-password)\n  2. Found in Hera\n3. email update \n  1. POST\n    [https://api.tranq.services/user/profile/change-email](https://api.tranq.services/user/profile/change-email)\n  2. Found in Hera\n4. account deletion \n\n&nbsp;','\n',char(10)),'[]','2026-03-23T12:50:37.427146+00:00','2026-03-23T12:50:37.427146+00:00',X'e4a9def41a4247609e8eb54c76d82a3d');
INSERT INTO notes VALUES(X'd945c60f025a4a4d8ae16d0ed9e00a04','Resetting a commit',replace('Happens to everyone — don’t panic. The right fix depends on whether you’ve **already pushed to remote** or not.\n\n---\n\n## :mag: First question\n\nDid you run `git push` already?\n\n---\n\n# :check_mark_button: Case 1 — NOT pushed yet (easy)\n\nJust reset your branch:\n\n```bash\ngit reset --soft HEAD~1\n\n```\n\n- keeps your changes\n- removes the commit from history\n\nIf you want to discard changes too:\n\n```bash\ngit reset --hard HEAD~1\n\n```\n\n---\n\n# :check_mark_button: Case 2 — Already pushed to `main` (important)\n\n### :lock: Safe option (recommended for teams)\n\nUse **revert** (no history rewrite):\n\n```bash\ngit revert HEAD\ngit push\n\n```\n\n✔ creates a new commit that undoes the bad one  \n:check_mark: safe for shared branches  \n:check_mark: no breaking teammates\n\n---\n\n### :warning: Risky option (only if you''re alone on branch)\n\nRewrite history:\n\n```bash\ngit reset --hard HEAD~1\ngit push --force\n\n```\n\n🚨 This can break other people’s work if they’ve pulled `main`\n\n---\n\n## :brain: Quick rule of thumb\n\n- Team/shared branch → `**git revert**`\n- Solo / no one pulled → **force push is fine**\n\n---\n\n## :bulb: Bonus (clean workflow going forward)\n\nInstead of committing directly to `main`:\n\n```bash\ngit checkout -b fix/recovery-codes\n\n```\n\nThen push + PR.\n\n---\n\n&nbsp;','\n',char(10)),'[]','2026-03-23T15:59:30.556129+00:00','2026-03-23T15:59:30.556130+00:00',X'e4a9def41a4247609e8eb54c76d82a3d');
INSERT INTO notes VALUES(X'1377fcac160846bf8be8a95eec0fd5aa','Dreamscape 2026',replace('1. Learn Rust from basics to advanced concepts\n2. Build one zero dependency application — use the Rust standard library, the app should be non-trivial\n3. Implement an HTTP server, again zero deps.\n4. Maybe implement Redis.\n5. Build portfolio\n\n&nbsp;\n\n### Libraries to learn\n\n- tokio\n- future \n- std::sync\n\n&nbsp;\n\n&nbsp;\n\nThe plan \n\n- learn Golang so well, begin freelancing the plunge into Rust\n\n&nbsp;\n\nCurrent freelance reality (Upwork-style, 2026):\n\n- **Node.js** — Median ~$25/hr, range $18–38/hr for backend gigs—highest volume by far. Quick CRUD, APIs, NestJS/Express stuff flies. Clients want it yesterday.\n- **Go** — Median ~$30/hr, up to $42–90/hr for seniors. Strong for scalable microservices, cloud-native. Good velocity, solid demand.\n- **Rust** — Premium when it hits (some gigs $45–80+/hr, especially Web3/blockchain, performance-critical, or low-level tools), but way fewer postings. Most "Rust" freelancers are niche: Solana stuff, WASM, high-perf backends, or rewriting legacy for latency wins. Not the daily bread for volume freelancing.\n\n&nbsp;\n\n&nbsp;\n\nYou''re mid-senior, so you could realistically start bidding at **$35–55/hr** on Go/Node gigs right now (position yourself as senior backend, mention your microservices). Even landing 10–15 billable hours/week at $40/hr = ~$1,600–2,400/month extra. At current ~1,380 NGN/USD, that''s another **2.2M–3.3M NGN/month** on top of your 400k job. That''s life-changing in Nigeria without quitting.\n\nRust "deepening" for low-level? Cool for long-term (Web3 infra, embedded, safety-critical), and it can command a premium. But the volume is lower, and clients rarely scream "I need a low-level Rust app!" — they scream "I need this backend fixed by Friday."  \n\nBurnout warning: 400k NGN job + serious side hustling + deep Rust study = Naija developer special (generator + Starlink roulette). Protect your sleep.\n\n**Verdict now: 8/10 plan, but execution order still mid.** With your experience, you could be pulling serious USD in 3–6 months on Go/Node while Rust becomes your flex/superpower. Don''t gate the bag behind more Rust mastery — the market doesn''t wait.\n\nWhat''s your current hourly rate target on freelance platforms? Any specific low-level Rust use cases you''re eyeing (Web3, embedded, infra tools)? Or portfolio links? That''d let me give sharper next steps instead of generic roast.\n\nGo collect, senior. Your 400k job is about to become pocket change. :rocket:””””"\n\n&nbsp;\n\n&nbsp;\n\n### Resources \n\n- Master Rust + Axum [https://gruberb.github.io/bulletproof-rust-web/introduction.html](https://gruberb.github.io/bulletproof-rust-web/introduction.html)\n\n&nbsp;','\n',char(10)),'[]','2026-03-24T09:50:01.945904+00:00','2026-04-16T21:15:03.343850+00:00',X'ed42af204199419299e0965e2263d49e');
INSERT INTO notes VALUES(X'56d4529c2b064557a7ff85d317b6fe7d','Templates edited',replace('1. 62 \n2. 61\n3. 60m\n4. 57 \n\n&nbsp;','\n',char(10)),'[]','2026-03-24T21:50:10.968610+00:00','2026-03-24T21:50:10.968610+00:00',X'e4a9def41a4247609e8eb54c76d82a3d');
INSERT INTO notes VALUES(X'd33af56d2976468586fdf9d88633c09b','Private profile',replace('My provider account detail for private practice\n\n- email [opeolluwa+prv@gmail.com](mailto:opeolluwa+prv@gmail.com)\n- password: 123456eee\n\n  \n  \nprovider url is providerProfileUrl in the sendstream service \n\n&nbsp;','\n',char(10)),'[]','2026-03-25T10:31:47.951914+00:00','2026-04-08T14:49:13.483644+00:00',X'e4a9def41a4247609e8eb54c76d82a3d');
INSERT INTO notes VALUES(X'b69ef6778a104407991f409ee9df3a92','Data sync',replace('## Two-Way Sync Approach\n\n### Architecture: Offline-first with sync queue + conflict resolution\n\n---\n\n### 1. Local write → queue → push to orchard\n\nEvery mutation (create/update/delete) in a Pinia store should:\n\n1. Write to local SQLite (as it does today via Tauri invoke)\n2. Push an entry to the local `sync_queue` — already exists with `table_name`, `record_identifier`, `operation` (CREATE/UPDATE/DELETE)\n3. When `useOnline()` becomes `true`, flush the queue by calling orchard''s REST/GraphQL endpoints in order, then pop each entry on success\n\n---\n\n### 2. Pull from orchard → merge into local\n\nOn app start (and on reconnect), fetch server-side changes since `last_synced_at`:\n\n- Each entity table needs a `server_updated_at` timestamp\n- Client sends its `last_synced_at` per workspace; orchard returns only records modified after that\n- Merge them into local SQLite, then update `last_synced_at`\n\n---\n\n### 3. Conflict resolution strategy\n\nSince both sides can change the same record while offline, you need a rule. The simplest that fits a personal notes/todo app:\n\n**Last-write-wins by `updated_at**` — compare local `updatedAt` vs server `updatedAt` and keep the newer one. No user-facing conflict dialogs needed.\n\nIf you want finer granularity later (e.g. notes with paragraph-level merging), you can layer in CRDT-style field merging, but LWW is sufficient for v1.\n\n---\n\n### 4. Sync trigger points\n\nEventAction`useOnline()` → trueFlush local queue → pull server changesApp foreground (Tauri focus event)Pull server changes if `last_synced_at` > N minutes agoAfter any mutationPush to queue; if online, flush immediately\n\n---\n\n### 5. Orchard side changes needed\n\n- Add sync endpoints per entity (or one generic `/sync` endpoint): accepts a `since` timestamp, returns changed records\n- Accept batch upsert/delete from client queue\n- The `sync_queue` entity already exists on orchard''s side — you can use it to track what the server still needs to push back (server → client direction)\n\n---\n\n### 6. The `syncing` indicator\n\nThe `syncing` ref already exists in the titlebar — wire it to a `useSyncStatus()` composable that tracks whether a flush is in progress, so the cloud icon animates during sync.\n\n---\n\n### Key constraint\n\nAll mutations must remain optimistic — the UI never waits for the server. The queue ensures eventual consistency. If a push fails, the entry stays in the queue and retries on the next flush.','\n',char(10)),'[]','2026-03-30T22:07:10.025266+00:00','2026-03-30T22:07:10.025267+00:00',X'8acc2c420fda43ae8636c9f39067e51d');
INSERT INTO notes VALUES(X'dab2be46b6574ba999c24f200ef710da','Adaramoti’s security code',replace('[\n\n    "ef33-iH3i",\n\n    "a1bZ-UYSA",\n\n    "3ah3-fH6T",\n\n    "bHLI-KUl7",\n\n    "pjHh-VC19",\n\n    "4S52-GD4X",\n\n    "WCk3-l576",\n\n    "Hw24-UVoU",\n\n    "ppxK-2tHX",\n\n    "bXNX-uosx"\n\n]','\n',char(10)),'[]','2026-03-31T07:13:12.391611+00:00','2026-03-31T07:13:12.391612+00:00',X'e4a9def41a4247609e8eb54c76d82a3d');
INSERT INTO notes VALUES(X'93ec75c1f31b401bb1bb9b319aa30ec1','Plugins and Headers','<p></p>','["tranqbay","projects"]','2026-03-31T08:47:52.674944+00:00','2026-04-26T01:23:15.714994+00:00',X'e4a9def41a4247609e8eb54c76d82a3d');
INSERT INTO notes VALUES(X'2b59b63ef9d14a87a0d1a886cdb09af4','titled',replace('help \n\n&nbsp;','\n',char(10)),'[]','2026-03-31T09:53:54.718743+00:00','2026-03-31T09:54:07.300973+00:00',X'eade09869f2a43bfba57c60c5a5c5e7c');
INSERT INTO notes VALUES(X'ba76f220137a4641b3d9b11cb2b4669e','Musings','Help from above ','["test","cuties"]','2026-03-31T09:55:13.851994+00:00','2026-03-31T09:55:13.851996+00:00',X'eade09869f2a43bfba57c60c5a5c5e7c');
INSERT INTO notes VALUES(X'e104ed4f32764d028cb9ff45ed1ec250','Private profile client stats not showing',replace('- inspect the url from the network tab T\n[https://api.tranq.services/clients/metrics?year=2026](https://api.tranq.services/clients/metrics?year=2026)  \n  the affected service is [https://github.com/tranqbay/hestia/blob/main/src/router/client_provider_relation.rs](https://github.com/tranqbay/hestia/blob/main/src/router/client_provider_relation.rs)  \n- &nbsp;\n- # Extarct the X-Account-TYpe\n- &nbsp;\n\n&nbsp;','\n',char(10)),'["bug","hestia"]','2026-03-31T11:47:46.857453+00:00','2026-03-31T11:48:49.737102+00:00',X'e4a9def41a4247609e8eb54c76d82a3d');
INSERT INTO notes VALUES(X'5f1ef4b009994471bc9e4511fda2ad52','Provider notes',replace('Scope the notes to account type for the CRUDS   \n[https://linear.app/tranqbay/issue/TRW-1590/fix-data-count-inconsistencies-session-notes-client-notes-recent-notes](https://linear.app/tranqbay/issue/TRW-1590/fix-data-count-inconsistencies-session-notes-client-notes-recent-notes)   \n  \n  \n`Select * from notes where provider_identifier, should fix t`','\n',char(10)),'["bug"]','2026-03-31T12:15:33.399342+00:00','2026-03-31T12:15:33.399343+00:00',X'e4a9def41a4247609e8eb54c76d82a3d');
INSERT INTO notes VALUES(X'530673b040b9420c93273aeeb5994751','Rust for Backend Engineers',replace('## Concurrency \n\n&nbsp;','\n',char(10)),'["learning"]','2026-04-01T00:54:26.923218+00:00','2026-04-01T00:57:03.314818+00:00',X'ed42af204199419299e0965e2263d49e');
INSERT INTO notes VALUES(X'76a1ffa74c5544478232659a6bda33c7','NYSC Login creds',replace('[eze059588@yahoo.com](mailto:eze059588@yahoo.com)\n\nPass: 09071133264Emmanuel@  \n\n[olaniyanisaac21@gmail.com](mailto:olaniyanisaac21@gmail.com)\n\noluwafemi  \n  \n  \n[olaniyanisaac21@gmail.com](mailto:olaniyanisaac21@gmail.com)\n\nOluwafemi  \n  \n  \n  \n[gloryebube24@aol.com](mailto:gloryebube24@aol.com) \n\nugwunkwo','\n',char(10)),'[]','2026-04-01T05:58:37.587669+00:00','2026-04-07T10:37:07.187562+00:00',X'ed42af204199419299e0965e2263d49e');
INSERT INTO notes VALUES(X'cf6be8a016a14db18c25bdcfd967bf83','Passport iDS',replace('363-084-280-53\n\nd3vhexAgency@  \n\nref 202610243179\n\napp id 617998408714','\n',char(10)),'[]','2026-04-01T12:52:22.487094+00:00','2026-04-10T08:37:23.088713+00:00',X'ed42af204199419299e0965e2263d49e');
INSERT INTO notes VALUES(X'0036b89173dc4a708c89957568360ffc','Sample recovery codes',replace('```\nvvcb-2tvQ\n6o2p-ofwA\nd4gt-r2pq\nkt3k-F1Ab\nyyvx-co3B\ntzde-SVgv\nrg2g-qpGm\nuvo2-7c0o\nbrdb-ukfK\nctyy-60Dz\n```\n\n&nbsp;\n\nadefemi \n\n```\ns75k-p11Q\n5vtq-NTWw\nspr9-5sZT\nbgcy-rfft\nycrl-Knpn\n5z0l-1d4I\nst73-z0tP\nikid-3582\ntxv8-P7KZ\nktk4-oKOB\n```\n\n&nbsp;','\n',char(10)),'["test"]','2026-04-02T09:01:50.759045+00:00','2026-04-07T10:52:07.656800+00:00',X'e4a9def41a4247609e8eb54c76d82a3d');
INSERT INTO notes VALUES(X'6ef62884eb4d44048a0c8c5203a19f91','Untitled','From eket-','[]','2026-04-02T12:30:13.362747+00:00','2026-04-02T12:30:13.362747+00:00',X'ed42af204199419299e0965e2263d49e');
INSERT INTO notes VALUES(X'b49ea5fcd3c44461a653a084613936c3','Shurbs',replace('Nice UI already—clean, modern, and structured. Turning this into a mobile app is mostly about **prioritization + compression**, not redesigning everything.\n\nHere’s how I’d translate it :point_down:\n\n---\n\n## :android: Mobile Layout Concept\n\n### 1. **Bottom Navigation (instead of sidebar)**\n\nReplace the left sidebar with a 4–5 tab bottom nav:\n\n- :house: Home\n- :memo: Notes\n- :bookmark: Bookmarks\n- :alarm_clock: Reminders\n- :gear: More (settings, moodboard, etc.)\n\n:point_right: This keeps primary actions reachable with the thumb.\n\n---\n\n### 2. **Top Section (Condensed Header)**\n\nCurrent:\n\n> “Good evening, Redwood” + stats\n\nMobile version:\n\n- Keep greeting (shorter)\n- Show **1–2 key stats only**\n\nExample:\n\n```\nGood evening 👋\n1 active task today\n\n```\n\nOptional: swipeable stat chips (Notes / Bookmarks / Todos)\n\n---\n\n### 3. **Quick Actions → Floating Action Button (FAB)**\n\nRight panel becomes:\n\n- **FAB (+)** bottom right\n\nOn tap → opens sheet:\n\n- New note\n- Add bookmark\n- New todo\n- New snippet\n\n:point_right: Much more native mobile UX than side panel buttons.\n\n---\n\n### 4. **Cards Stack (Main Content)**\n\nTurn dashboard into vertical scroll:\n\n#### :small_blue_diamond: Active Todos (Top priority)\n\n- Show 1–3 items max\n- Progress bar stays\n- Tap → full list\n\n#### :small_blue_diamond: Recent Notes\n\n- Show 2 items\n- Swipe → more\n\n#### :small_blue_diamond: Bookmarks\n\n- Horizontal scroll cards (important change)\n- Much better for mobile\n\n---\n\n### 5. **Reminders (Inline, not empty box)**\n\nInstead of:\n\n> “No upcoming reminders”\n\nUse:\n\n- Collapsible section OR\n- Hide when empty\n\n:point_right: Empty states waste too much mobile space.\n\n---\n\n### 6. **Search (Move or Hide)**\n\nTop search bar → either:\n\n- Icon in header → opens full screen search  \nOR\n- Dedicated tab\n\n---\n\n## :fire: Key UX Improvements (Important)\n\n- Reduce **visual density** → mobile needs breathing room\n- Increase **tap targets** (cards, buttons)\n- Use **horizontal scroll for collections** (bookmarks especially)\n- Prioritize **“what needs attention” first** (todos always on top)\n\n---\n\n## :bulb: If you want it to feel premium\n\n- Add subtle **card elevation / blur**\n- Use **gesture navigation** (swipe between sections)\n- Animate FAB → action sheet smoothly\n- Micro-interactions (checkbox tick, bookmark save)\n\n---\n\n## :brain: One honest critique\n\nRight now your UI is **desktop-first thinking**:\n\n- Too many panels\n- Too much equal weight\n\nMobile needs:\n\n> **Hierarchy, not completeness**\n\n---\n\n&nbsp;','\n',char(10)),'[]','2026-04-03T19:21:05.200819+00:00','2026-04-03T19:21:05.200819+00:00',X'8acc2c420fda43ae8636c9f39067e51d');
INSERT INTO notes VALUES(X'7008df62bc8c43f199144be59c61d582','Almonds mobile','**Google Calendar:** The connect button is wired up and shows connected state. The actual OAuth flow is stubbed with clear `TODO` comments in [calendar_controller.dart:115-135](vscode-webview://0lqp41ahh3u5m932u0cfi3ll4rqhcqi7if0jbqmu12g9ct5i0e9m/shurbs/lib/src/controllers/calendar_controller.dart#L115-L135) — you''ll need to add OAuth credentials in Google Cloud Console + add the reversed client ID to iOS `Info.plist` and Android `build.gradle`, then uncomment the `google_sign_in` call.','[]','2026-04-07T00:47:47.685453+00:00','2026-04-07T00:47:47.685454+00:00',X'8acc2c420fda43ae8636c9f39067e51d');
INSERT INTO notes VALUES(X'17f367a7f83343d7bc273c5c3bbd7b11','Debora’s','Motion ','[]','2026-04-07T09:33:34.841724+00:00','2026-04-07T09:33:34.841725+00:00',X'ed42af204199419299e0965e2263d49e');
INSERT INTO notes VALUES(X'f8dca8a4ebba49c7bf8bd1214096228e','Job application tracker',replace('1. [https://gorillalogic.bamboohr.com/careers/60](https://gorillalogic.bamboohr.com/careers/60)\n2. [https://www.azion.com/pt-br/carreiras/vaga/?id=35bd5800-ffab-4b88-92ae-be15e7012ee2](https://www.azion.com/pt-br/carreiras/vaga/?id=35bd5800-ffab-4b88-92ae-be15e7012ee2)\n3. [https://careers.techex.co.uk/senior-rust-developer-276277/](https://careers.techex.co.uk/senior-rust-developer-276277/)\n4. [https://job-boards.greenhouse.io/gitlab/jobs/8437754002](https://job-boards.greenhouse.io/gitlab/jobs/8437754002) \n\n&nbsp;','\n',char(10)),'[]','2026-04-07T16:26:47.635514+00:00','2026-04-07T16:26:47.635515+00:00',X'ed42af204199419299e0965e2263d49e');
INSERT INTO notes VALUES(X'45b6fbff779e4f32b6123dbcdea85506','Job boards',replace('1. [https://jobs.letsgetrusty.com/](https://jobs.letsgetrusty.com/)\n2. [https://www.ycombinator.com/jobs](https://www.ycombinator.com/jobs)\n\n&nbsp;','\n',char(10)),'[]','2026-04-07T17:42:31.019509+00:00','2026-04-07T17:42:31.019509+00:00',X'ed42af204199419299e0965e2263d49e');
INSERT INTO notes VALUES(X'b3948a523d4045938ef38af0e7a531c6','UI update plan',replace('1. See the UI changes.\n2. See the connected endpoint\n3. Find the changes\n4. Find the API\n5. Make the update.\n\nGet the links. \n\n[https://www.figma.com/design/8nUEOV7J33uOG09gRRJLnG/Tranqbay-Web-App-Main?node-id=22816-197559&t=GMrTcYlDj4Yhfyq0-4](https://www.figma.com/design/8nUEOV7J33uOG09gRRJLnG/Tranqbay-Web-App-Main?node-id=22816-197559&t=GMrTcYlDj4Yhfyq0-4) Set Preferences(Post Sign Up)  \n\n**Summary**: No changes needed   \n\n[https://www.figma.com/design/8nUEOV7J33uOG09gRRJLnG/Tranqbay-Web-App-Main?node-id=28908-108510&t=GMrTcYlDj4Yhfyq0-4](https://www.figma.com/design/8nUEOV7J33uOG09gRRJLnG/Tranqbay-Web-App-Main?node-id=28908-108510&t=GMrTcYlDj4Yhfyq0-4) First Time Users\n\n- &nbsp;\n\nhow will I know if the prefernece is set or not \n\n- Most likely use the FE object and since the preference is set will it be for provider account or client or both\n\n&nbsp;\n\n[https://www.figma.com/design/8nUEOV7J33uOG09gRRJLnG/Tranqbay-Web-App-Main?node-id=29151-72470&t=GMrTcYlDj4Yhfyq0-4](https://www.figma.com/design/8nUEOV7J33uOG09gRRJLnG/Tranqbay-Web-App-Main?node-id=29151-72470&t=GMrTcYlDj4Yhfyq0-4) Returning Users','\n',char(10)),'[]','2026-04-08T11:06:13.698454+00:00','2026-04-08T11:39:40.326166+00:00',X'e4a9def41a4247609e8eb54c76d82a3d');
INSERT INTO notes VALUES(X'2d84857854d84538b6e30b552e759921','Learning Golang',replace('## Why GO?\n\nIt''s a fast, statically typed, compiled language that feels like a dynamically typed, interpreted language.\n\n  \n\n\n### Hello World. \n\n```\n// go codes are written in packages \n\nimport fmt\n\nfunc main(){\nfmt.Println("Hello, World")\n}\n```\n\n&nbsp;\n\n&nbsp;\n\n&nbsp;','\n',char(10)),'["programming","go"]','2026-04-10T21:25:52.225144+00:00','2026-04-10T21:27:46.328101+00:00',X'e4a9def41a4247609e8eb54c76d82a3d');
INSERT INTO notes VALUES(X'34f1cffb04314cd09d7cd42f43025fd4','zwhere',replace('- Learn golang \n- Master Rust \n- Master Backend \n- Freelance NodeJs and, Golang and Rust Backend \n- Grow in Systems programming \n- Learn Ocaml\n- &nbsp;\n\n&nbsp;\n\n## What your weekly life should look like\n\nSomething like:\n\n- **Daytime (or main focus):** Rust/systems\n- **Evening or blocks:** Freelance work\n- **1 day/week:** Admin + proposals\n\n&nbsp;\n\n### April/May — learning Golang\n\n&nbsp;','\n',char(10)),'["rust","profile"]','2026-04-12T11:25:46.195118+00:00','2026-04-12T11:37:10.813484+00:00',X'ed42af204199419299e0965e2263d49e');
INSERT INTO notes VALUES(X'1d844f5ed4ef4f60bc2e9e148d1bfe22','Attack',replace('1. Update content for new private client email\n2. Scope the 2FA to the provider account only\n3. inspect client invitation saying `Failed to load invitation details`\n4. ~~attend to joy~~\n5. Manage page need the base URL and the route for it o be fixed, it is template ID 39\n\n```\n@Emeka Oluwaseun @TOLULOPE ADARAMOTI, Please I need the endpoint  Private client sign-up page is connected to\n\nexample here\nhttps://tolulope-timothy-adaramoti.dev.tranqbay.care/sign-up?redirect=/booking/request/01KNVYEWHB0F87ECH1S5CCQJD1\nEmeka Oluwaseun  [6:06 PM]\nInvitation endpoint \n[6:07 PM]Here /invitations/${invitationCode}/accept\n```\n\n&nbsp;\n\n```html\n            <table role="presentation" cellpadding="0" cellspacing="0" width="100%" style="margin: 32px 0;">\n              <tr>\n                <td align="center">\n                  {{ if eq (lower .Tx.Data.provider.providerType) "private" }}\n                  <a href="{{ .Tx.Data.provider.website_url }}/overview" class="button">Manage Bookings</a>\n                  {{ else }}\n                  <a href="https://tranqbay.health/overview" class="button">Manage Bookings</a>\n                  {{ end }}\n                </td>\n              </tr>\n            </table>\n```\n\nfor provider account, the error says “ failed to verify two-factor status” ?? Where is the error coming from? \n\n&nbsp;\n\n```\nrgwu-OqrW\npcnu-lGFa\nbopc-pDp6\n8pho-cRvb\nf2zz-m5Wp\nvyon-8Bok\nhbta-3kbH\n07ar-rUMD\nuacz-DY8L\nr5vf-niZM\n```\n\n&nbsp;\n\n&nbsp;\n\nNow I have a good picture of the full flow. Here''s my take:\n\n**Currently**, timezone flows like this:\n\n1. `[timezone.rs](http://timezone.rs)` middleware reads `x-timezone` header → defaults to `"UTC"` if absent\n2. Handler calls `set_timezone(timezone)` on the service\n3. Service uses `self.get_timezone()` to set the `unregistered_client` participant''s timezone in the DB\n\n---\n\n**The user''s question: should timezone come from the accessor?**\n\nFor **unregistered clients**, the accessor (`OptionalAuthDto`) has `identifier: None` — there''s no profile to look up a timezone from. The header is the only sensible source for them.\n\nFor **registered clients**, you *could* fetch their stored timezone from the client service, but the current approach (trusting the caller to send `x-timezone`) is typical for API design — the client app knows the user''s local timezone.\n\n---\n\n**What might actually be causing null timezone for unregistered clients:**\n\nLooking at `synchronize_guest_participant` in [booking_repository.rs:5141-5143](vscode-webview://0lqp41ahh3u5m932u0cfi3ll4rqhcqi7if0jbqmu12g9ct5i0e9m/src/repository/booking_repository.rs#L5141-L5143), when it inserts a new participant it omits the `timezone` column entirely:\n\n```sql\nINSERT INTO booking_participant (identifier, booking_identifier, reference, participant_type, is_guest, full_name)\nVALUES (?, ?, ?, ''unregistered_client'', 0, ?)\n\n```\n\nThe `save()` path does pass `timezone` through `CreateParticipantDto`, but `synchronize_guest_participant` doesn''t — that''s a likely source of null timezone.\n\n---\n\nSo to directly answer: no, the timezone for an unregistered client can''t come from the accessor (they have no profile). The fix should be ensuring the `x-timezone` header value flows into `synchronize_guest_participant` as well. Do you want me to implement that?\n\n&nbsp;\n\n&nbsp;\n\nThe plan is to get the timezone saved for an unregistered client, this is done via the booking participant.  \n\nCurrently, we’re getting null mostly because we''re trying to fetch the client timezone from the profile \n\n&nbsp;\n\n### Attack\n\n- Inspect the timezone plugin, see how it is extracting the timezone\n- If it is from a user profile, we need a way to get it from the browser, or equivalent \n- , either reuse the existing timezone or set a x-browser-timezone specifically for the user \n- get this timezone into the system via x-browser timezone self.get_broswer_timezon(), self.set_browser_timezon()\n- pass this request down and ensure it is saved in the participant table \n- &nbsp;\n\n&nbsp;\n\n### Timezone\n\n- Try to create a booking as unregistered using Africa/Lagos\n- ensure it is stored in the db \n- ensure it is event , all in the local then check on dev \n- If the issue still happens on dev, then see sendstream.\n- The timezone was only set when `guest_[information.is](http://information.is)_some()`, but when a guest email resolves to an existing registered client (line 1103), `guest_information` becomes `None` even though it was a guest flow — so the timezone was silently dropped before being passed to the repo save.\nFixed in both code paths ([booking_helper_service.rs:1350](vscode-webview://0lqp41ahh3u5m932u0cfi3ll4rqhcqi7if0jbqmu12g9ct5i0e9m/src/service/booking_helper_service.rs#L1350) and [booking_helper_service.rs:1625](vscode-webview://0lqp41ahh3u5m932u0cfi3ll4rqhcqi7if0jbqmu12g9ct5i0e9m/src/service/booking_helper_service.rs#L1625)) to always pass `Some(self.get_timezone())`.  \n\n\n### CLient account \n\n```\n{"message":"received non-success response: 401 - {\"timestamp\":\"2026-04-20T08:03:45.855+00:00\",\"status\":401,\"error\":\"Unauthorized\",\"path\":\"/provider/auth\"}","data":null}\n\n```\n\n&nbsp;','\n',char(10)),'[]','2026-04-13T10:25:37.305854+00:00','2026-04-20T08:08:44.804216+00:00',X'e4a9def41a4247609e8eb54c76d82a3d');
INSERT INTO notes VALUES(X'eb83125a55e84308bbe9273dc45c0cd1','Provider client relationship',replace('# the data needed\n\n- We need an endpoint\n- provider name\n- headline - occupation\n\n  \n\n\nWe need a field that returns the last interraction happened, the last time a booking was completed\n\nTo do this, we listened to the booking completed event to update the field \n\n&nbsp;','\n',char(10)),'[]','2026-04-14T11:01:14.735696+00:00','2026-04-14T11:05:08.912389+00:00',X'e4a9def41a4247609e8eb54c76d82a3d');
INSERT INTO notes VALUES(X'6e9cc54e4c6a41e999031c649da19b53','Error report.',replace('Check both @adeoye right now, I am unable to create an account for both flows, says "failed to load invitation details.  \n  \n  \n\n\nIt’s a ','\n',char(10)),'[]','2026-04-15T09:35:59.316741+00:00','2026-04-15T09:35:59.316742+00:00',X'6eeea35e3ab84405915a5c9038d53553');
INSERT INTO notes VALUES(X'ae880c9c303d48b8ac4d453e4342750a','Understanding the Operating system services.',replace('- GUI — graphical User interface — everything you’ve known before now \n- CLI (terminal) — Command Line Interface. \n\n&nbsp;','\n',char(10)),'[]','2026-04-15T14:36:50.599223+00:00','2026-04-15T14:36:50.599225+00:00',X'6eeea35e3ab84405915a5c9038d53553');
INSERT INTO notes VALUES(X'164cd2b8bb934a89a27be2f687a562a7','Regis source',replace('- last login. to the user table, \n- Extract when they log in \n\n&nbsp;\n\nNote the last login at ','\n',char(10)),'[]','2026-04-16T08:53:29.838345+00:00','2026-04-16T08:53:29.838345+00:00',X'e4a9def41a4247609e8eb54c76d82a3d');
INSERT INTO notes VALUES(X'e8739123bab049289b51edcee53d391f','CDS talk:',replace('### Outline.\n\n- CV, types the how and content, see Google XYZ format \n  - See ref here [https://www.wonsulting.com/job-search-hub/the-power-of-quantifiable-results-how-to-use-the-xyz-formula-to-supercharge-your-resume](https://www.wonsulting.com/job-search-hub/the-power-of-quantifiable-results-how-to-use-the-xyz-formula-to-supercharge-your-resume)\n  - [https://ecs.ihu.edu.gr/co/employment-cvcletter/types-cv.html](https://ecs.ihu.edu.gr/co/employment-cvcletter/types-cv.html)\n- Cover letter, the why, the content, the brag, and the importance \n- Safety online, talk about Phishing, warm, Rats virus\n- Talk about PDF and Image highjacking. \n  - [https://blog.checkpoint.com/research/the-weaponization-of-pdfs-68-of-cyberattacks-begin-in-your-inbox-with-22-of-these-hiding-in-pdfs/](https://blog.checkpoint.com/research/the-weaponization-of-pdfs-68-of-cyberattacks-begin-in-your-inbox-with-22-of-these-hiding-in-pdfs/)\n- Safety in job applications \n- Raffle draw \n- Free and mod app highjacking. \n- Spamming and email mask. \n- managing email and revovery\n- typo-squating\n\n&nbsp;','\n',char(10)),'["test"]','2026-04-16T09:24:27.900017+00:00','2026-04-17T10:04:55.128463+00:00',X'ed42af204199419299e0965e2263d49e');
INSERT INTO notes VALUES(X'5383274110bc449494cbad0d59b79063','0853',replace('1. uncle \n2. papa\n3. g papa\n4. me \n5. mama\n6. a mama\n\n&nbsp;','\n',char(10)),'[]','2026-04-17T09:04:33.640666+00:00','2026-04-17T09:38:48.313483+00:00',X'8acc2c420fda43ae8636c9f39067e51d');
INSERT INTO notes VALUES(X'f37a36542da74215811e91f7328a7f2b','Interview guide',replace('Here’s a curated list of **sample interview questions** for the **Senior Rust Engineer** role at Stivlon Consulting (or their client). I’ve grouped them to match the job description: core Rust concepts, backend/systems focus, architecture & optimization, leadership/experience, and behavioral/soft skills.\n\nInterviewers for senior roles usually mix these with:\n\n- Questions about your past projects (especially production Rust systems).\n- A take-home coding task or live coding (e.g., building a small async service, fixing ownership issues, or designing a microservice).\n- System design discussion (e.g., “Design a high-throughput backend service in Rust”).\n\n### 1. Core Rust Concepts (They will test these deeply — 3+ years production experience means they expect strong answers)\n\n- Explain Rust’s **ownership model**. How does it prevent common bugs like data races or use-after-free errors? Give a simple example.\n- What is **borrowing** in Rust? Explain the rules for mutable vs immutable borrows and why you can’t have multiple mutable references at the same time.\n- What are **lifetimes**? When do you need to annotate them explicitly? Explain with an example involving function parameters or struct fields.\n- What is the difference between `String` and `&str`? When would you use each, and how does this relate to ownership?\n- Explain the difference between `Box<T>`, `Rc<T>`, and `Arc<T>`. When would you choose one over the others?\n- How does Rust handle error handling? Compare `Result<T, E>` and `Option<T>`. When do you use `?` operator vs explicit matching?\n- What is the `Drop` trait? Give an example where implementing it is useful.\n- Explain `Copy` vs `Clone`. Which types implement `Copy` by default, and why?\n\n### 2. Concurrency & Asynchronous Programming (Job mentions high-performance, concurrency, and Tokio/async-await)\n\n- How does Rust ensure **thread safety** without a garbage collector? Talk about `Send` and `Sync` traits.\n- Explain how you would use `std::thread` vs **Tokio** for concurrent work. What are the trade-offs?\n- Describe a real-world scenario where you used `async/await` with Tokio. How did you handle backpressure, cancellation, or spawning tasks?\n- What are channels in Rust `mpsc`, `broadcast`, etc.)? When would you use them in a backend service?\n- How do you share data across async tasks or threads safely? (e.g., `Arc<Mutex<T>>`, `RwLock`, or lock-free alternatives)\n\n### 3. Backend Development & Systems (REST APIs, databases, microservices, production systems)\n\n- How would you design and implement a scalable **RESTful backend service** in Rust? What crates would you use (e.g., Axum, Actix-Web, Warp)?\n- Describe your experience integrating **databases** in Rust (PostgreSQL with SQLx or Diesel, Redis, MongoDB). How do you handle connection pooling and async queries?\n- How do you structure a Rust project for a **microservices** architecture? Talk about modules, crates, error handling across services, and API contracts.\n- What strategies do you use for **API integration** (REST, gRPC, third-party services) while keeping code clean and testable?\n- How would you make a Rust backend service **fault-tolerant** and resilient (e.g., retries, circuit breakers, graceful shutdown)?\n\n### 4. Performance, Optimization & Architecture\n\n- How do you optimize **memory usage** and **performance** in Rust? Give examples related to zero-copy, avoiding allocations, or using the right data structures.\n- Explain how you would handle **high concurrency** and low-latency requirements in a production system.\n- What tools or techniques do you use for **profiling** and debugging performance issues in Rust (e.g., cargo flamegraph, perf, heaptrack)?\n- Describe a time you architected a **scalable, secure system** in Rust. What trade-offs did you make?\n- How do you ensure your Rust code is **well-tested**? (unit tests, integration tests, property-based testing with proptest, etc.)\n\n### 5. Leadership, Mentoring & Best Practices (Senior-level expectations)\n\n- How do you conduct **code reviews**? What do you look for in Rust code specifically (idiomatic Rust, safety, performance)?\n- Describe your experience **mentoring junior engineers** on Rust concepts like ownership or async.\n- How do you stay up-to-date with the Rust ecosystem (new crates, language features, best practices)?\n- Tell us about a complex technical issue you troubleshot and resolved in a production Rust system.\n- How do you collaborate with frontend, DevOps, and product teams when building end-to-end features?\n\n### 6. Nice-to-Have / Bonus Topics (Blockchain, FinTech, Containers, Cloud)\n\n- Do you have experience with **blockchain/Web3** or **FinTech** systems in Rust? (e.g., using rust-bitcoin, solana crates, or building secure payment backends)\n- How have you used **Docker** and **Kubernetes** with Rust services?\n- Describe your experience with **CI/CD pipelines** for Rust projects.\n- Have you worked with cloud platforms (AWS, GCP, Azure) for deploying Rust applications? What services did you use?\n- What experience do you have with other systems languages like C/C++ or Go, and how does it compare to Rust?\n\n### 7. Behavioral / Soft Skills & Experience Questions\n\n- Tell us about your most challenging Rust project. What made it difficult, and how did you overcome it?\n- How do you approach **problem-solving** when debugging a complex concurrency or memory issue?\n- Describe a time you took ownership of a large feature or architectural decision.\n- Why are you interested in this Senior Rust Engineer role? What attracts you to working in Abuja (or remotely with occasional office visits)?\n- Where do you see yourself in 5 years? (Some interviews ask this.)\n\n### Preparation Tips Specific to This Role\n\n- Review the Rust Book chapters on Ownership, Borrowing, Lifetimes, Concurrency, and Async (especially Tokio tutorial).\n- Be ready to discuss **real production experience** — they emphasize “high-performance, secure, and scalable systems” and “production environments.”\n- Practice explaining concepts clearly (they value communication and mentoring).\n- Expect questions on Linux CLI, Git workflows, and basic system design.\n- If they mention their client’s domain (FinTech, blockchain, or high-performance backend), prepare relevant examples.\n\nWould you like me to expand any section with **model answers**, suggest a **coding exercise** to practice, or focus on a particular area (e.g., async/Tokio or system design)? Just let me know your experience level or which topics you want to drill deeper on! Good luck with the application — ₦1M monthly is solid for the role.\n\n&nbsp;\n\n### Q/A \n\n1. &nbsp;\n\n&nbsp;','\n',char(10)),'[]','2026-04-17T12:57:54.866675+00:00','2026-04-17T16:43:25.388921+00:00',X'ed42af204199419299e0965e2263d49e');
INSERT INTO notes VALUES(X'34196ba1ef2d47558d530e4d3220100d','Design inspirations',replace('[https://dribbble.com/shots/23781952-Edutech-Dashboard-Design](https://dribbble.com/shots/23781952-Edutech-Dashboard-Design)  \n  \ndashboard.   \n  \nUse nuxt, \n\nmake it more content ful for myself learning too ','\n',char(10)),'["figma"]','2026-04-17T13:04:49.026424+00:00','2026-04-17T13:13:02.650270+00:00',X'16426bcfb43d41b48b27204386db3d1e');
INSERT INTO notes VALUES(X'315f4a710cec49dc8beb6d6a1511570c','New content',replace('[https://tranqbay.slack.com/archives/C060UFFM8SJ/p1775813408759969?thread_ts=1775035680.783159&cid=C060UFFM8SJ](https://tranqbay.slack.com/archives/C060UFFM8SJ/p1775813408759969?thread_ts=1775035680.783159&cid=C060UFFM8SJ)  \nSubject\n\nWelcome! Your account with [Therapist Name] is ready\n\nBody\n\nHello [Client Name],\n\nWelcome! Your account has been successfully created so you can connect with [Therapist Name].\n\nYou were invited to join their private practice space on the platform, where you can securely manage your sessions and communication.\n\nYour Account is Ready\n\nYou can now:\n\n• Book sessions with [Therapist Name]\n\n• Send and receive messages securely\n\n• Join online therapy sessions when scheduled\n\n• Manage upcoming appointments\n\nEverything related to your therapy with [Therapist Name] will happen right here.\n\nHow It Works\n\nBook a Session – Choose a time that works for you from your therapist’s available schedule\n\nGet Reminders – You''ll receive reminders before your session\n\nJoin Your Session – If your session is online, you''ll get a secure video link inside your account\n\nStay Connected – Use messaging if you need to reach your therapist between sessions\n\nCTA Button\n\nGo to Your Dashboard(redirects them to their dashboard—the account they just created where they see only the therapist) \n\nClosing\n\nIf you have any questions, feel free to reach out to your therapist directly through the platform.\n\nWe’re glad you’re here and wish you the best on your journey.\n\nWarmly,\n\nThe Tranqbay Team. ','\n',char(10)),'[]','2026-04-21T11:57:22.732126+00:00','2026-04-21T11:57:22.732127+00:00',X'e4a9def41a4247609e8eb54c76d82a3d');
INSERT INTO notes VALUES(X'78fe570964e54805934b096b5d845d7d','Path to Systems-level programming',replace('<p><strong>Becoming a systems software engineer</strong>—the kind who builds foundational tools like Docker, container runtimes, kernels, hypervisors, or low-level infrastructure—is an awesome goal. People like Solomon Hykes (Docker''s creator) didn''t follow a rigid academic path; he was a self-taught coder from age 7, ran servers as a teenager in France, studied practical CS at Epitech, and turned deep Linux knowledge into dotCloud (which pivoted into Docker in 2013). The common thread for creators of Docker, Kubernetes-inspired tech, or modern runtimes (e.g., Firecracker at AWS) is <strong>hands-on mastery of how computers actually work under the hood</strong>—not just writing apps, but controlling processes, memory, filesystems, and hardware isolation.</p><p>In 2026, this field is hotter than ever: Rust is now production-ready in the Linux kernel (no longer "experimental"), containers and eBPF dominate cloud-native infra, and companies like Google, AWS, Red Hat, and Docker/Mirantis pay top dollar for people who can build safe, performant system software.</p><p>Here''s a practical, no-fluff roadmap to get you there. You can start today, whether you''re in school, self-taught, or switching careers.</p><h3 class="notes_heading">1. Build unbreakable foundations (3–6 months)</h3><p>Focus on what separates systems engineers from app developers:</p><ul class="note_list_unordered"><li><p><strong>Computer architecture &amp; low-level systems</strong>: Understand memory, CPUs, assembly, and how code talks to hardware.</p></li><li><p><strong>Languages</strong>: Master C (or C++) first—it''s the lingua franca of kernels and runtimes. Then add Rust (huge in 2026 for memory-safe systems code) and Go (Docker itself was written in Go).</p></li><li><p><strong>Core concepts</strong>: Processes, threads, syscalls, memory management, scheduling, filesystems, networking.</p></li></ul><p><strong>Top resources</strong>:</p><ul class="note_list_unordered"><li><p><em>Computer Systems: A Programmer''s Perspective</em> (CSAPP) by Bryant &amp; Hallaron → the #1 book for this. Do the labs.</p></li><li><p><em>Modern Operating Systems</em> by Andrew Tanenbaum.</p></li><li><p>The Rust Book (free online) + <em>Rust in Action</em> by Tim McNamara (project-based systems programming in Rust—perfect for containers/kernels).</p></li></ul><p>Practice daily: Write small C/Rust programs that use syscalls <code>strace</code> everything).</p><h3 class="notes_heading">2. Master Linux internals &amp; containerization (6–12 months)</h3><p>Docker''s magic comes from Linux primitives: namespaces (isolation), cgroups (resource limits), seccomp (security), capabilities, and filesystems (pivot_root/chroot). You need to understand these deeply.</p><p><strong>Key topics</strong>:</p><ul class="note_list_unordered"><li><p>Linux kernel basics (syscalls, modules, debugging with perf/gdb/strace).</p></li><li><p>Containers/virtualization from first principles.</p></li><li><p>Modern extensions: eBPF, Rust in kernel, rootless containers.</p></li></ul><p><strong>Best resources</strong>:</p><ul class="note_list_unordered"><li><p><em>The Linux Programming Interface</em> by Michael Kerrisk (the bible for Linux system calls).</p></li><li><p><em>Linux Kernel Development</em> by Robert Love (or current kernel docs).</p></li><li><p>Free: OSDev wiki + Linux Journey / Kernel Newbies.</p></li></ul><p><strong>Hands-on project that changes everything</strong>: Build your own mini-Docker/container runtime from scratch. There are excellent 2025–2026 tutorials for this:</p><ul class="note_list_unordered"><li><p>Use Linux tools <code>unshare</code>, <code>mount</code>, <code>pivot_root</code>) or code it in Go/Rust.</p></li><li><p>Example projects: "Build a Docker-like tool in Go" or "Minimal rootless container in Rust" (search for recent talks like the Seattle Rust User Group one).</p></li></ul><p>This single project will teach you more than most courses and looks incredible on a résumé or GitHub.</p><h3 class="notes_heading">3. Level up with projects, open source &amp; specialization (ongoing)</h3><p>Creators ship real tools. You should too.</p><ul class="note_list_unordered"><li><p>Build: A toy OS (Nand2Tetris or OSDev), a simple kernel module, or an eBPF tool.</p></li><li><p>Contribute: Start small on Linux kernel (Rust drivers are welcoming now), Podman, containerd, or Rust-for-Linux projects. Docker is mature, but the ecosystem (runc, BuildKit, etc.) always needs help.</p></li><li><p>Advanced: Study distributed systems if you want Kubernetes-scale impact, or hypervisors (QEMU/KVM).</p></li></ul><p><strong>2026 hot skills</strong>:</p><ul class="note_list_unordered"><li><p>Rust for safe systems (Linux kernel, new runtimes).</p></li><li><p>Container orchestration internals.</p></li><li><p>Performance &amp; observability (perf, bpftrace).</p></li></ul><h3 class="notes_heading">4. Education &amp; credentials (flexible)</h3><ul class="note_list_unordered"><li><p><strong>Degree</strong>: A CS bachelor''s helps (especially for big-tech interviews), but it''s not required. Hykes succeeded without one from a fancy school. Self-taught + strong GitHub &gt; degree in many cases.</p></li><li><p><strong>Certifications</strong>: Nice-to-have but secondary (e.g., CKAD/CKA for Kubernetes, but focus on building instead).</p></li><li><p><strong>Courses</strong> (if you like structure):</p><ul class="note_list_unordered"><li><p>MIT 6.828 (Operating Systems) or Berkeley CS courses (free on YouTube).</p></li><li><p>Rust for Linux materials (<a href="http://rust-for-linux.com">rust-for-linux.com</a>).</p></li></ul></li></ul><h3 class="notes_heading">5. Get the job</h3><ul class="note_list_unordered"><li><p><strong>Entry points</strong>: Start as a backend/devops engineer at a cloud-native company, then move into platform/infra teams. Internships at Red Hat, AWS, Google, or Docker-adjacent firms are gold.</p></li><li><p><strong>Portfolio</strong>: GitHub with your mini-container, kernel contributions, or performance tools. Blog about what you built (e.g., "I reimplemented namespaces in Rust").</p></li><li><p><strong>Job titles to target</strong>: Systems Software Engineer, Kernel Engineer, Container Runtime Engineer, Platform Engineer (low-level), Rust Systems Engineer.</p></li><li><p>Salaries are excellent once you''re in (especially with Rust/kernel experience).</p></li></ul><h3 class="notes_heading">Mindset &amp; timeline tips</h3><ul class="note_list_unordered"><li><p><strong>Daily habit</strong>: Read kernel source or man pages for one syscall a day. Debug real problems with <code>straceperf</code>.</p></li><li><p><strong>Communities</strong>: r/linux, r/rust, r/kernel, Linux Kernel Mailing List (<a href="http://lwn.net">lwn.net</a> for summaries), Rust for Linux Discord.</p></li><li><p>Realistic timeline: 12–24 months of focused work to land your first systems role if you already code; longer if starting from zero. Consistency beats intensity.</p></li><li><p>Challenges: Low-level debugging is brutal at first. Embrace it—that frustration is exactly what made Docker possible.</p></li></ul><p>Start <strong>today</strong> with the CSAPP book or the Rust Book + a simple container project. In a year you''ll be building the next Docker-level tools instead of just using them.</p><p>You''ve got this. The world needs more people who understand the plumbing. Drop your current background or what you''ve already built, and I can refine this plan even more. :rocket:<br><br><br><br></p><p></p><h3 class="notes_heading">Goal: Systems Engineer — Rust, C/C++, Linux<br><br><br></h3><h3 class="notes_heading">Month/stage 0ne — Learning C</h3><p>I chose the K&amp; R Programming Text — I’ll be working on exercies over the next couple of weeks <br><br>Nice direction. If you’re aiming at <strong>compilers + Linux + systems</strong>, don’t do random CRUD projects. Build things that force you to touch <strong>memory, files, processes, parsing, ABI, ELF, terminals, syscalls</strong>.</p><p style="text-align: start;">Computer Systems: A Programmer''s Perspective is a strong next read.</p><p style="text-align: start;">Project ladder:</p><h2 class="notes_heading" style="text-align: start;">Stage 1 — K&amp;R + early C (now)</h2><h3 class="notes_heading" style="text-align: start;">1. Mini <code>cat</code></h3><pre><code class="language-bash">mycat file.txt\n</code></pre><p style="text-align: start;">Learn:</p><ul class="note_list_unordered"><li><p><code>open</code></p></li><li><p><code>read</code></p></li><li><p><code>write</code></p></li><li><p>file descriptors</p></li><li><p>buffers</p></li></ul><hr><h3 class="notes_heading" style="text-align: start;">2. <code>wc</code> clone</h3><pre><code class="language-bash">mywc file.txt\n</code></pre><p style="text-align: start;">Count:</p><ul class="note_list_unordered"><li><p>lines</p></li><li><p>chars</p></li><li><p>words</p></li></ul><p style="text-align: start;">Learn:</p><ul class="note_list_unordered"><li><p>streaming</p></li><li><p>state machines</p></li></ul><hr><h3 class="notes_heading" style="text-align: start;">3. Hex viewer (<code>hexdump</code>)</h3><pre><code class="language-bash">myhex file.bin\n</code></pre><p style="text-align: start;">Output:</p><pre><code class="language-txt">48 65 6C 6C 6F\n</code></pre><p style="text-align: start;">Learn:</p><ul class="note_list_unordered"><li><p>binary I/O</p></li><li><p>formatting</p></li><li><p>memory representation</p></li></ul><hr><h2 class="notes_heading" style="text-align: start;">Stage 2 — Linux internals</h2><h3 class="notes_heading" style="text-align: start;">4. Build a shell</h3><pre><code class="language-bash">myshell\n&gt; ls\n&gt; pwd\n</code></pre><p style="text-align: start;">Need:</p><pre><code class="language-c">fork();\nexecvp();\nwait();\npipe();\n</code></pre><p style="text-align: start;">Add later:</p><ul class="note_list_unordered"><li><p>pipes</p></li><li><p>redirection</p></li><li><p>background jobs</p></li></ul><p style="text-align: start;">This project alone teaches a lot.</p><hr><h3 class="notes_heading" style="text-align: start;">5. Process monitor</h3><p style="text-align: start;">Like simplified <code>top</code>.</p><p style="text-align: start;">Read:</p><pre><code class="language-txt">/proc\n/proc/PID/status\n/proc/meminfo\n</code></pre><p style="text-align: start;">Learn:</p><ul class="note_list_unordered"><li><p>Linux process model</p></li><li><p>virtual memory</p></li><li><p>procfs</p></li></ul><hr><h3 class="notes_heading" style="text-align: start;">6. Tiny allocator</h3><p style="text-align: start;">Implement:</p><pre><code class="language-c">void* my_malloc(size_t n);\nvoid my_free(void *p);\n</code></pre><p style="text-align: start;">Start with linked list allocator.</p><p style="text-align: start;">Then:</p><ul class="note_list_unordered"><li><p>arenas</p></li><li><p>fragmentation</p></li><li><p>coalescing</p></li></ul><hr><h2 class="notes_heading" style="text-align: start;">Stage 3 — Compiler path</h2><h3 class="notes_heading" style="text-align: start;">7. Lexer</h3><p style="text-align: start;">Input:</p><pre><code class="language-txt">x = 2 + y;\n</code></pre><p style="text-align: start;">Output:</p><pre><code class="language-txt">IDENT(x)\nEQ\nNUMBER(2)\nPLUS\nIDENT(y)\nSEMICOLON\n</code></pre><hr><h3 class="notes_heading" style="text-align: start;">8. Parser</h3><p style="text-align: start;">Build AST:</p><pre><code class="language-txt">+\n / \\n2   y\n</code></pre><p style="text-align: start;">Recursive descent is fine.</p><hr><h3 class="notes_heading" style="text-align: start;">9. Tiny language</h3><p style="text-align: start;">Example:</p><pre><code class="language-txt">let x = 5;\nprint(x + 2);\n</code></pre><p style="text-align: start;">Stages:</p><pre><code class="language-txt">source\n→ lexer\n→ parser\n→ AST\n→ interpreter\n</code></pre><p style="text-align: start;">Later add codegen.</p><hr><h3 class="notes_heading" style="text-align: start;">10. Stack VM</h3><p style="text-align: start;">Instructions:</p><pre><code class="language-txt">PUSH 5\nPUSH 3\nADD\nPRINT\n</code></pre><p style="text-align: start;">Then interpreter:</p><pre><code class="language-c">switch(opcode)\n</code></pre><hr><h2 class="notes_heading" style="text-align: start;">Stage 4 — Hardcore systems</h2><h3 class="notes_heading" style="text-align: start;">11. ELF parser</h3><p style="text-align: start;">Read executable headers:</p><pre><code class="language-bash">myreadelf a.out\n</code></pre><p style="text-align: start;">Parse:</p><ul class="note_list_unordered"><li><p>ELF header</p></li><li><p>sections</p></li><li><p>symbols</p></li></ul><p style="text-align: start;">You’ll touch binaries directly.</p><hr><h3 class="notes_heading" style="text-align: start;">12. Mini linker</h3><p style="text-align: start;">Resolve symbols:</p><pre><code class="language-txt">foo.o + bar.o\n</code></pre><p style="text-align: start;">Understand relocation.</p><hr><h3 class="notes_heading" style="text-align: start;">13. Toy OS kernel</h3><p style="text-align: start;">Minimal:</p><ul class="note_list_unordered"><li><p>boot</p></li><li><p>VGA output</p></li><li><p>keyboard</p></li></ul><p style="text-align: start;">Later:</p><ul class="note_list_unordered"><li><p>paging</p></li><li><p>scheduler</p></li></ul><hr><h3 class="notes_heading" style="text-align: start;">14. <code>strace</code> clone</h3><p style="text-align: start;">Trace syscalls:</p><pre><code class="language-bash">mytrace ./app\n</code></pre><p style="text-align: start;">Use:</p><pre><code class="language-c">ptrace()\n</code></pre><hr><h3 class="notes_heading" style="text-align: start;">15. Tiny debugger</h3><p style="text-align: start;">Commands:</p><pre><code class="language-txt">break\nstep\ncontinue\n</code></pre><p style="text-align: start;">Uses:</p><ul class="note_list_unordered"><li><p><code>ptrace</code></p></li><li><p>registers</p></li><li><p>breakpoints</p></li></ul><hr><p style="text-align: start;">If I were mapping <strong>your exact path</strong>:</p><p style="text-align: start;"><strong>Now</strong><br>K&amp;R → CSAPP</p><p style="text-align: start;"><strong>Build simultaneously</strong><br><code>wc</code> → shell → lexer → parser → VM → ELF parser → debugger</p><p style="text-align: start;">That sequence basically walks toward compiler + Linux engineering.</p><p></p><h3 class="notes_heading">Time lines </h3><p>If your target is <strong>compilers + Linux + low-level systems</strong>, I’d map it like this:</p><pre><code class="language-txt">C\n↓\nCSAPP\n↓\nLinux programming\n↓\nCompiler construction\n↓\nOS / advanced systems\n</code></pre><p style="text-align: start;">More concretely:</p><h2 class="notes_heading" style="text-align: start;">1. C + projects <em>(now)</em></h2><p style="text-align: start;">Finish K&amp;R.</p><p style="text-align: start;">Build:</p><ul class="note_list_unordered"><li><p><code>wc</code></p></li><li><p><code>cat</code></p></li><li><p>shell</p></li><li><p>hex viewer</p></li><li><p>tokenizer</p></li></ul><p style="text-align: start;">Goal: stop fighting syntax and pointers.</p><p style="text-align: start;">Book: The C Programming Language</p><hr><h2 class="notes_heading" style="text-align: start;">2. CSAPP</h2><p style="text-align: start;">Book: Computer Systems: A Programmer''s Perspective</p><p style="text-align: start;">Focus on:</p><ul class="note_list_unordered"><li><p>memory</p></li><li><p>machine code</p></li><li><p>assembly</p></li><li><p>linking</p></li><li><p>virtual memory</p></li><li><p>cache</p></li><li><p>processes</p></li></ul><p style="text-align: start;">Projects:</p><ul class="note_list_unordered"><li><p>ELF parser</p></li><li><p>allocator</p></li><li><p>binary inspector</p></li></ul><hr><h2 class="notes_heading" style="text-align: start;">3. Linux programming</h2><p style="text-align: start;">Read:</p><ul class="note_list_unordered"><li><p>Advanced Programming in the UNIX Environment</p></li><li><p>The Linux Programming Interface</p></li></ul><p style="text-align: start;">Learn:</p><pre><code class="language-c">fork()\nexec()\nwait()\npipe()\nsignal()\nmmap()\npthread\nsocket\nepoll\n</code></pre><p style="text-align: start;">Projects:</p><ul class="note_list_unordered"><li><p>shell with pipes</p></li><li><p><code>strace</code> clone</p></li><li><p>mini debugger</p></li><li><p>process monitor</p></li><li><p>HTTP server</p></li></ul><hr><h2 class="notes_heading" style="text-align: start;">4. Compilers</h2><p style="text-align: start;">Books:</p><ul class="note_list_unordered"><li><p>Crafting Interpreters</p></li><li><p>Engineering a Compiler</p></li><li><p>Modern Compiler Implementation in C</p></li></ul><p style="text-align: start;">Build:</p><pre><code class="language-txt">lexer\n↓\nparser\n↓\nAST\n↓\ninterpreter\n↓\nbytecode VM\n↓\ncodegen\n</code></pre><p style="text-align: start;">Projects:</p><ul class="note_list_unordered"><li><p>toy language</p></li><li><p>VM</p></li><li><p>register allocator</p></li><li><p>optimizer</p></li></ul><hr><h2 class="notes_heading" style="text-align: start;">5. OS internals / advanced systems</h2><p style="text-align: start;">Books:</p><ul class="note_list_unordered"><li><p>Operating Systems: Three Easy Pieces</p></li><li><p>The Linux Programming Interface</p></li></ul><p style="text-align: start;">Projects:</p><ul class="note_list_unordered"><li><p>scheduler simulator</p></li><li><p>toy kernel</p></li><li><p>memory manager</p></li><li><p>filesystem</p></li><li><p>thread library</p></li></ul><hr><h2 class="notes_heading" style="text-align: start;">Optional later</h2><p style="text-align: start;"><strong>C++ (for LLVM ecosystem)</strong></p><p style="text-align: start;">Then:</p><ul class="note_list_unordered"><li><p>LLVM</p></li><li><p>Clang</p></li></ul><hr><p style="text-align: start;">A 12–18 month path could look like:</p><pre><code class="language-txt">2026:\nK&amp;R\nCSAPP\nLinux projects\n\nLate 2026:\nCompiler projects\nVM\nDebugger\n\n2027:\nLLVM\nOS internals\nKernel work\n</code></pre><p style="text-align: start;">You already have Rust background, which helps a lot once you reach compilers and systems tooling.</p><p></p>','\n',char(10)),'["rust","c++"]','2026-04-21T23:54:11.452619+00:00','2026-05-20T19:19:19.230968+00:00',X'ed42af204199419299e0965e2263d49e');
INSERT INTO notes VALUES(X'c451c15d9e024c5bb46105a1fe4b46f6','When can I rechedule?',replace('<h3><strong>Provider no show</strong></h3><pre><code>if allow_reschedule_completed_booking\n    &amp;&amp; !matches!(\n        booking.attendance_status,\n        AttendanceStatus::AutoPartial\n            | AttendanceStatus::AutoNone\n            | AttendanceStatus::ClientDisputed,\n    )\n{\n    return Err(BookingError::RescheduleBlocked);\n}\n</code></pre><p>When the booking is completed</p><p>or att stats is any of the above.''</p><p>or override from support</p><p></p><pre><code class="language-rust">let age = 54</code></pre><p></p><p><span data-name="grinning_face" data-type="emoji" class="emoji">😀</span></p><p>&nbsp;</p>','\n',char(10)),'[]','2026-04-23T11:07:15.740936+00:00','2026-04-26T12:53:20.861197+00:00',X'e4a9def41a4247609e8eb54c76d82a3d');
INSERT INTO notes VALUES(X'4465369899174b1182205ea9c5321653','Job application tracker','<table><tbody><tr><th data-colwidth="42"><p>no</p></th><th data-colwidth="278"><p>Company</p></th><th data-colwidth="160"><p>Status</p></th><th data-colwidth="158"><p>Stage</p></th></tr><tr><td data-colwidth="42"><p>1</p></td><td data-colwidth="278"><h3 style="text-align: start;">SuperPlane</h3></td><td data-colwidth="160"><p>awaiting reply</p></td><td data-colwidth="158"><p>initial/cv</p></td></tr><tr><td data-colwidth="42"><p>2</p></td><td data-colwidth="278"><p>Urban Legend</p></td><td data-colwidth="160"><p>awaiting reply</p></td><td data-colwidth="158"><p>Initial/cv</p></td></tr><tr><td data-colwidth="42"><p>3</p></td><td data-colwidth="278"><p>Philo</p></td><td data-colwidth="160"><p>awaiting reply</p></td><td data-colwidth="158"><p>Initilal/cv</p></td></tr><tr><td data-colwidth="42"><p>4</p></td><td data-colwidth="278"><p>Davidson</p></td><td data-colwidth="160"><p>Awaiting reply </p></td><td data-colwidth="158"><p>initial </p></td></tr><tr><td data-colwidth="42"><p></p></td><td data-colwidth="278"><p></p></td><td data-colwidth="160"><p></p></td><td data-colwidth="158"><p></p></td></tr><tr><td data-colwidth="42"><p></p></td><td data-colwidth="278"><p></p></td><td data-colwidth="160"><p></p></td><td data-colwidth="158"><p></p></td></tr></tbody></table><p></p>','["job","rust","backend","vue"]','2026-04-27T06:39:52.195399+00:00','2026-04-27T08:42:06.104169+00:00',X'ed42af204199419299e0965e2263d49e');
INSERT INTO notes VALUES(X'47e9d922c8dd4182b4e9aeff67e2aba1','Job boards','<table><tbody><tr><th data-colwidth="53" data-text-align="center"><p style="text-align: right;">S/N</p></th><th data-colwidth="212" data-text-align="center"><p>Company</p></th><th data-colwidth="206"><p>Description</p></th><th data-colwidth="159"><p>remarks/rating</p></th></tr><tr><td data-colwidth="53"><p>1</p></td><td data-colwidth="212"><p></p></td><td data-colwidth="206"><p></p></td><td data-colwidth="159"><p></p></td></tr><tr><td data-colwidth="53"><p>2</p></td><td data-colwidth="212"><p><a href="https://himalayas.app/">https://himalayas.app/</a></p></td><td data-colwidth="206"><h1 class="notes_heading" style="text-align: start;"></h1></td><td data-colwidth="159"><p></p></td></tr><tr><td data-colwidth="53"><p>3</p></td><td data-colwidth="212"><p><a href="https://remotive.com/">https://remotive.com/</a></p></td><td data-colwidth="206"><p>Browse 150,000+ fully remote jobs from vetted companies and get more jobs interviews.</p></td><td data-colwidth="159"><p></p></td></tr><tr><td data-colwidth="53"><p>4</p></td><td data-colwidth="212"><p><a href="https://remote.co/">https://remote.co/</a></p></td><td data-colwidth="206"><p>2K+ NEW JOBS POSTED EVERY DAY</p></td><td data-colwidth="159"><p></p></td></tr><tr><td data-colwidth="53"><p>5</p></td><td data-colwidth="212"><p><a href="https://www.flexjobs.com">https://www.flexjobs.com</a></p></td><td data-colwidth="206"><p>Find legitimate work-from-home jobs with options for flexible hours and hybrid work.</p></td><td data-colwidth="159"><p>requires subscription and account creation</p></td></tr><tr><td data-colwidth="53"><p>6</p></td><td data-colwidth="212"><p><a href="https://www.workremot.com/jobs-embed.asp">https://www.workremot.com/jobs-embed.asp</a></p></td><td data-colwidth="206"><p></p></td><td data-colwidth="159"><p></p></td></tr><tr><td data-colwidth="53"><p>7</p></td><td data-colwidth="212"><p></p></td><td data-colwidth="206"><p></p></td><td data-colwidth="159"><p></p></td></tr><tr><td data-colwidth="53"><p>8</p></td><td data-colwidth="212"><p></p></td><td data-colwidth="206"><p></p></td><td data-colwidth="159"><p></p></td></tr></tbody></table><p></p>','[]','2026-04-27T07:29:05.172746+00:00','2026-05-07T10:17:37.406533+00:00',X'ed42af204199419299e0965e2263d49e');
INSERT INTO notes VALUES(X'16edd9d6eef34a58adfffa536cbd0329','Brags','<p></p><details><summary>What''s the most impactful thing you''ve built and shipped in the last two years?</summary><div data-details-content=""><p><a href="https://github.com/opeolluwa/almonds">https://github.com/opeolluwa/almonds</a><br><br>In the last five months, I built and shipped Almonds, a developer productivity app that consolidates daily workflow tools—todos, reminders, bookmarks, and screen time tracking—into a single system.</p><p>The goal was to reduce context switching by providing developers with a single place to manage execution and focus, rather than relying on multiple disconnected tools.</p><p>I handled the project end-to-end, from system design to implementation, with a strong focus on performance and simplicity using Rust.</p><p>The project was also featured by the Rust Nigeria community, which helped validate its relevance to developers.</p></div></details><details><summary>LinkedIn Profile</summary><div data-details-content=""><p><a href="https://www.linkedin.com/in/adefemi-adeoye/">https://www.linkedin.com/in/adefemi-adeoye/</a></p></div></details><p></p>','["jobs"]','2026-04-27T07:58:27.390784+00:00','2026-04-27T08:00:17.016314+00:00',X'ed42af204199419299e0965e2263d49e');
INSERT INTO notes VALUES(X'640305e1ed284f2987b64f15678c9dae','Reimagine Auth Screens and Landing page','<table><tbody><tr><th><p>Screen </p></th><th><p>Changes required</p></th><th><p>Context </p></th></tr><tr><td><p>Sign up page </p></td><td><p></p></td><td><p></p></td></tr><tr><td><p></p></td><td><p></p></td><td><p></p></td></tr></tbody></table><p></p>','[]','2026-04-27T08:54:42.681838+00:00','2026-04-27T08:54:42.681839+00:00',X'16426bcfb43d41b48b27204386db3d1e');
INSERT INTO notes VALUES(X'0d1113ca069941cab48bcba83f912f0f','Page title no show —',replace('<p><br>Suppress the initial rendering of the page title </p><pre><code class="language-vue">    &lt;template #page_title&gt;\n      &lt;UButton\n        variant="ghost"\n        @click="router.back()"\n        color="neutral"\n        icon="heroicons:arrow-long-left"\n      &gt;&lt;/UButton&gt;\n    &lt;/template&gt;\n\n    &lt;template #main_content&gt;</code></pre><p></p>','\n',char(10)),'["almonds"]','2026-04-27T09:29:32.382532+00:00','2026-04-27T09:29:32.382533+00:00',X'16426bcfb43d41b48b27204386db3d1e');
INSERT INTO notes VALUES(X'5094148e5fa04122bf2a9ecf4e18cc34','Checks for 2FA',replace('<p></p><h3 class="notes_heading">Todo</h3><ol class="note_list_ordered"><li><p>If the user has a pin_code -created</p></li><li><p>if user has a pin code enabled</p></li></ol><p>booking confirmed</p><p>booking reminder</p><p>The email should have join on Android for client on tranqbay platform</p><p></p><pre><code class="language-sql">update booking set support_reschedule_override = 1 where raw_identifier = ''01KQ7D981ZCVBNZESMATPRA2ZX; \n\nupdate booking set support_reschedule_override = 0, appointment_end_time = now() where raw_identifier = ''01KQ7D981ZCVBNZESMATPRA2ZX'' ;\n </code></pre><p></p>','\n',char(10)),'[]','2026-04-27T12:33:26.660413+00:00','2026-04-28T21:14:52.593287+00:00',X'e4a9def41a4247609e8eb54c76d82a3d');
INSERT INTO notes VALUES(X'ba09e91a1f81403cb30f2a0834d6ea4a','Application Tracker','<p></p><p>Brag</p><ol><li><p>RustConf2026 <a href="https://rustfoundation.org/media/announcing-the-rustconf-2026-program-committee/">https://rustfoundation.org/media/announcing-the-rustconf-2026-program-committee/</a></p></li><li><p>TwiR <a href="https://rust-lang.org/governance/people/opeolluwa/">https://rust-lang.org/governance/people/opeolluwa/</a></p></li></ol><p></p>','[]','2026-04-28T16:55:07.370084+00:00','2026-04-28T17:03:04.223719+00:00',X'ed42af204199419299e0965e2263d49e');
INSERT INTO notes VALUES(X'b4977c2331334f28867b4475caa35b25','impl local notification','<ol class="note_list_ordered"><li><p>create local_notification table</p></li><li><p>save syn </p></li></ol><p></p>','[]','2026-05-04T11:55:58.099045+00:00','2026-05-04T11:55:58.099046+00:00',X'8acc2c420fda43ae8636c9f39067e51d');
INSERT INTO notes VALUES(X'6ae74c61b1a9475db5fa1a1df565f86d','Build error',replace('<pre><code class="language-sh">\nRun actions/setup-go@v2\nSetup go stable version spec 1.21.2\nAttempting to download 1.21.2...\nmatching 1.21.2...\nNot found in manifest.  Falling back to download directly from Go\nInstall from dist\nAcquiring go1.21.2 from https://storage.googleapis.com/golang/go1.21.2.linux-arm64.tar.gz\nError: Failed to download version 1.21.2: Error: Unexpected HTTP response: 403\n</code></pre><p></p>','\n',char(10)),'[]','2026-05-05T13:16:52.511270+00:00','2026-05-05T13:16:52.511271+00:00',X'e4a9def41a4247609e8eb54c76d82a3d');
INSERT INTO notes VALUES(X'0b2cc63129b2497698988e929c609a8c','Meeting. notes','<p></p><p></p><p></p><ul class="note_list_unordered"><li><p>Subscription model for provider —&nbsp;some features will be paid, eg AI transcription</p></li><li><p>All these are hooked inside roles —&nbsp;roles are a wrapper for permission</p></li><li><p>Each service has a way of checking the permission</p></li><li><p>A plugin will be created to inject/resolve the user’s permission.</p></li></ul><p></p><p></p><h2 class="notes_heading">User service —</h2><ol class="note_list_ordered"><li><p>a migration to include allow_push _notification </p></li><li><p>add endpoint to toggle this </p></li><li><p>all done in the user service </p></li><li><p>Confirm that the booking service exposes this </p></li></ol><p></p>','[]','2026-05-05T15:11:30.947477+00:00','2026-05-05T15:54:43.449335+00:00',X'e4a9def41a4247609e8eb54c76d82a3d');
INSERT INTO notes VALUES(X'74e5bd96006c4daeb498a3fb1da4b08d','Push notification fixes',replace('<p></p><p></p><h2 class="notes_heading">Side note:</h2><ul class="note_list_unordered"><li><p>Read-only DB replica*</p></li><li><p></p></li></ul><p></p><h2 class="notes_heading">Fixes</h2><pre><code>CREATE TABLE allowed_push_notification (\n    `identifier` BINARY (16) NOT NULL PRIMARY KEY,\n    `user_identifier` BINARY (16) NOT NULL UNIQUE,\n    `messages` TINYINT (1) NOT NULL DEFAULT 1,\n    `app_updates` TINYINT (1) NOT NULL DEFAULT 1,\n    `session_reminders` TINYINT (1) NOT NULL DEFAULT 1,\n    `booking_updates` TINYINT (1) NOT NULL DEFAULT 1,\n    created_at TIMESTAMP NOT NULL DEFAULT CURRENT_TIMESTAMP,\n    updated_at TIMESTAMP NOT NULL DEFAULT CURRENT_TIMESTAMP ON UPDATE CURRENT_TIMESTAMP,\n    CONSTRAINT fk_allowed_push_notification_user FOREIGN KEY (user_identifier) REFERENCES user (identifier) ON DELETE CASCADE\n);</code></pre><pre><code>CREATE TABLE users (</code></pre><pre><code>    id CHAR(36) PRIMARY KEY DEFAULT (UUID()),</code></pre><pre><code>    name VARCHAR(100)</code></pre><pre><code>);</code></pre><p></p><ol class="note_list_ordered"><li><p>This should be false by default.</p></li><li><p>HTTP PATCH request should resolve to UPSERT* return default from code level from code level if the pushNotification pref is not found</p></li><li><p>Try UUID auto-gen for MySQL</p></li><li><p>Use Left JOIN on user-&gt; P.notifi.</p></li></ol><p><br></p><p><br><br></p>','\n',char(10)),'[]','2026-05-07T15:01:12.516077+00:00','2026-05-07T15:35:50.739435+00:00',X'e4a9def41a4247609e8eb54c76d82a3d');
INSERT INTO notes VALUES(X'427ea9568ec644eeb39e948fa92068f3','TWiR','<p></p><ul class="note_list_unordered"><li><p>[Lessons Learned Building High-Performance Rust Profiler](https://pawelurbanek.com/rust-performance-profiling)</p></li></ul><p></p><p></p><p>Founder AND hiring keyword search on linked in </p>','[]','2026-05-13T21:03:58.590794+00:00','2026-05-13T21:32:36.546457+00:00',X'e4a9def41a4247609e8eb54c76d82a3d');
INSERT INTO notes VALUES(X'7c00122204894fb2adb9847b1ef53086','Entitlement service notes',replace('<p>Subject ID - user/provider ID</p><p>subject type = provider or client</p><p></p><p></p><p></p><p>A subject has a plan,</p><p>A plan has roles</p><p>Roles contain permissions</p><p></p><pre><code class="language-json">subject-&gt;user_plan-&gt;plan_roles-&gt;roles-&gt;permission</code></pre><p><br></p><h2 class="notes_heading">Mock value for plan_roles</h2><pre><code class="language-sql">INSERT into  `plan_roles` (created_at, plan_identifier, role_identifier)  values (now(), "78be1c8f-060c-4b88-9a50-5cb1e4e5aabf" , "78be1c8f-060c-4b88-9a50-5cb1e4e5aabf");</code></pre><p><br></p><pre><code class="language-json">{\n    "subject": {\n        "type": "provider",\n        "identifier": "a3f1c2d4-8e5b-4f7a-9c0d-1b2e3f4a5b6c"\n    },\n    "permissions": {\n        "provider:byov_video": "false",\n        "provider:calendar_months": 6,\n        "provider:commission_rate": 0.2,\n        "provider:commission_rate_own_client": 0.2,\n        "provider:custom_booking_link": "false",\n        "provider:custom_domain": "false",\n        "provider:custom_website_publish": "false",\n        "provider:directory_featured": "false",\n        "provider:directory_priority_search": "false",\n        "provider:google_calendar_sync": "false",\n        "provider:max_active_clients": 5,\n        "provider:own_clients_bulk_import": "false",\n        "provider:own_clients_import": "false",\n        "provider:payouts_cadence_days": 7,\n        "provider:private_subdomain": "false",\n        "provider:session_notes_advanced_templates": "false",\n        "provider:session_notes_ai": "false",\n        "provider:support_tier": "email_48h"\n    }\n}\n</code></pre><p></p><h2 class="notes_heading"> Plan -&gt; Role mapping. <br><br></h2><p>Provider_<em>pro -&gt; provider_</em>pro</p><p></p>','\n',char(10)),'[]','2026-05-14T13:01:15.744726+00:00','2026-05-18T16:54:15.897062+00:00',X'e4a9def41a4247609e8eb54c76d82a3d');
INSERT INTO notes VALUES(X'4630db6a398b4cb48cb337748b387758','Learning PHP',replace('<p>Since you already do backend (Rust/Go/JS), I’d avoid beginner “what is a variable” material and go straight into modern PHP.</p><h3 class="notes_heading" style="text-align: start;">Phase 1 — Learn modern PHP (2–3 days)</h3><p style="text-align: start;">Read the official docs and focus on <strong>PHP 8+</strong> features:</p><ul class="note_list_unordered"><li><p><a href="https://www.php.net/docs.php?utm_source=chatgpt.com">PHP Documentation</a></p></li><li><p><a href="https://www.php.net/manual/en/langref.php?utm_source=chatgpt.com">PHP Manual – Language Reference</a></p></li></ul><p style="text-align: start;">Learn only these first:</p><pre><code class="language-php">&lt;?php\n\ndeclare(strict_types=1);\n\nclass User {\n    public function __construct(\n        public string $name,\n        public int $age\n    ) {}\n}\n\nfunction greet(User $user): string {\n    return "Hi {$user-&gt;name}";\n}\n</code></pre><p style="text-align: start;">Focus on:</p><ul class="note_list_unordered"><li><p>Classes</p></li><li><p>Typed properties</p></li><li><p>Interfaces</p></li><li><p>Enums</p></li><li><p>Traits</p></li><li><p>Exceptions</p></li><li><p>Namespaces</p></li><li><p>Attributes</p></li><li><p>Match expressions</p></li></ul><hr><h3 class="notes_heading" style="text-align: start;">Phase 2 — Composer + ecosystem (1 day)</h3><p style="text-align: start;">Composer = Cargo/NPM equivalent.</p><p style="text-align: start;">Install and learn:</p><pre><code class="language-bash">composer init\ncomposer require monolog/monolog\n</code></pre><p style="text-align: start;">Resource:</p><ul class="note_list_unordered"><li><p><a href="https://getcomposer.org/doc/?utm_source=chatgpt.com">Composer Docs</a></p></li></ul><p style="text-align: start;">Learn:</p><ul class="note_list_unordered"><li><p><code>composer.json</code></p></li><li><p>autoloading</p></li><li><p>PSR-4</p></li><li><p>dependency injection basics</p></li></ul><hr><h3 class="notes_heading" style="text-align: start;">Phase 3 — Build APIs immediately</h3><p style="text-align: start;">Skip raw PHP sites.</p><p style="text-align: start;">Use Laravel.</p><p style="text-align: start;">Resources:</p><ul class="note_list_unordered"><li><p><a href="https://laravel.com/docs?utm_source=chatgpt.com">Laravel Documentation</a></p></li><li><p><a href="https://bootcamp.laravel.com/?utm_source=chatgpt.com">Laravel Bootcamp</a></p></li><li><p><a href="https://laracasts.com/?utm_source=chatgpt.com">Laracasts</a></p></li></ul><p style="text-align: start;">Build:</p><pre><code>Auth API\nUsers\nPosts\nRedis cache\nQueue workers\nDocker\nPostgres\nJWT\n</code></pre><hr><h3 class="notes_heading" style="text-align: start;">Phase 4 — Architecture</h3><p style="text-align: start;">Learn:</p><ul class="note_list_unordered"><li><p>PSR standards</p></li><li><p>Service container</p></li><li><p>Middleware</p></li><li><p>Queues</p></li><li><p>Events</p></li><li><p>Repositories</p></li><li><p>Testing (Pest / PHPUnit)</p></li></ul><p style="text-align: start;">Read:</p><ul class="note_list_unordered"><li><p><a href="https://www.php-fig.org/psr/?utm_source=chatgpt.com">PHP-FIG PSRs</a></p></li></ul><hr><p style="text-align: start;">Suggested project for <em>you</em> specifically:</p><p style="text-align: start;"><strong>Rust experience → build a high-throughput API</strong></p><pre><code>Rust service (worker)\n      ↓\nRabbitMQ / Redis\n      ↓\nLaravel API\n      ↓\nPostgres\n</code></pre><p style="text-align: start;">You’ll see where PHP fits versus Rust infra work.</p>','\n',char(10)),'[]','2026-05-17T11:39:33.323812+00:00','2026-05-17T11:39:33.323813+00:00',X'ed42af204199419299e0965e2263d49e');
INSERT INTO notes VALUES(X'f4db303652a94b9abd7f7a8ba14cfca7','Features','<p></p><p></p><h2 class="notes_heading">App init —&nbsp;</h2><ol class="note_list_ordered"><li><p><s>create a new workspace table {id, first name, last name, email}</s></p></li><li><p><s>delete ollama codes</s></p></li><li><p><s>fix mysql migrations</s></p></li><li><p><s>remove email from the user_preference table</s></p></li><li><p>set security questions</p></li><li><p>Add an embedded page that asks for the password and email. This is used to generate cryptographic keys</p></li><li><p><s>Rename user-preference to workspace preference</s></p></li><li><p><s>Remove email from workspace preference</s></p></li><li><p>Add app_config that stores the master email and preferred auth method (enum — password or security question}</p></li><li><p>Add security questions table</p></li><li><p>link the security questions table to user pref</p></li><li><p>Create a requestAuth modal for sensitive actions</p></li><li><p>Restore the email to a unique constraint</p></li><li><p>Implement secure storage for the endpoint,</p></li></ol><p></p>','[]','2026-05-18T17:58:58.866487+00:00','2026-05-27T18:36:20.486162+00:00',X'8acc2c420fda43ae8636c9f39067e51d');
INSERT INTO notes VALUES(X'26c78cad81d44a2cb40f492e00ea8485','CV Drafts — Damilola. 857465','<p></p><h2 class="notes_heading">AI Prompts for Job Application</h2><ul class="note_list_unordered"><li><p><strong>Explode</strong> —&nbsp;expand the point</p></li><li><p><strong>Reimagine</strong> — recreate, paraphrase</p></li><li><p><strong>Tighten</strong>, remove excess, and leave major points</p></li><li><p>Find a fit —&nbsp;find the connection btw what I have and the job description </p></li><li><p>Roast – be brutally </p></li><li><p>suggest improvements <br></p></li></ul><p>Create a cover letter for the JOb description </p><p></p><p></p>','[]','2026-05-20T13:17:22.949037+00:00','2026-05-20T14:22:45.675962+00:00',X'ed42af204199419299e0965e2263d49e');
INSERT INTO notes VALUES(X'8d89177a14084df58bcce54df0d2517f','Csystem',replace('<p>It <em>feels</em> hard at first because C exposes a lot of things other languages hide.</p><p style="text-align: start;">You’re not just learning syntax; you’re learning how computers think:</p><ul class="note_list_unordered"><li><p>Variables → memory</p></li><li><p>Arrays → contiguous memory blocks</p></li><li><p>Pointers → addresses</p></li><li><p><code>malloc/free</code> → manual memory management</p></li><li><p><code>struct</code> → data layout</p></li><li><p>Files → system calls</p></li><li><p>Processes → OS concepts</p></li><li><p>Undefined behavior → “the machine will do what you asked, not what you meant” 😭</p></li></ul><p style="text-align: start;">Coming from Rust, OCaml, Kotlin, Vue, etc., C can feel like someone removed all the safety rails.</p><p style="text-align: start;">Example:</p><pre><code class="language-c">int arr[3] = {1,2,3};\012printf("%d\n", arr[10]); // compiles 💀\012</code></pre><p style="text-align: start;">Rust:</p><pre><code class="language-rust">let arr = [1,2,3];\012println!("{}", arr[10]); // nope\012</code></pre><p style="text-align: start;">But the upside is huge, especially for what you were asking earlier (systems path):</p><p style="text-align: start;"><strong>C → CS:APP → OS/Linux → networking → compilers → Rust internals</strong> is a very strong progression.</p><p style="text-align: start;">My suggestion for learning C without getting overwhelmed:</p><ol class="note_list_ordered"><li><p>Learn syntax + control flow</p></li><li><p>Arrays, strings, functions</p></li><li><p>Pointers (spend time here)</p></li><li><p>Memory (<code>malloc</code>, <code>free</code>)</p></li><li><p>Structs + files</p></li><li><p>Build tiny projects:</p><ul class="note_list_unordered"><li><p>mini grep</p></li><li><p>cat clone</p></li><li><p>wc clone</p></li><li><p>HTTP server</p></li><li><p>shell</p></li></ul></li><li><p>Read <strong>K&amp;R</strong> + <strong>CS:APP</strong></p></li></ol><p style="text-align: start;">The hard part is usually <strong>pointers + memory</strong>, not the whole language. Once that clicks, C becomes way less scary.</p>','\012',char(10)),'[]','2026-05-23T10:15:42.112438+00:00','2026-05-23T10:15:42.112438+00:00',X'ed42af204199419299e0965e2263d49e');
INSERT INTO notes VALUES(X'672a8e6a7fec402d917309902fdfc319','Untitled','<p></p>','[]','2026-05-26T09:19:38.077843+00:00','2026-05-26T09:19:38.077845+00:00',X'e4a9def41a4247609e8eb54c76d82a3d');
CREATE TABLE IF NOT EXISTS "user_preference" ( "identifier" uuid_text NOT NULL PRIMARY KEY, "first_name" varchar NOT NULL, "last_name" varchar NOT NULL, "email" varchar NOT NULL, "workspace_identifier" uuid_text, "created_at" timestamp_with_timezone_text NOT NULL, "updated_at" timestamp_with_timezone_text NOT NULL, FOREIGN KEY ("workspace_identifier") REFERENCES "workspaces" ("identifier") ON DELETE CASCADE );
INSERT INTO user_preference VALUES(X'36964362db6c480ba5ab3a9290519531','Adefemi','Adeoye','',NULL,'2026-02-26T07:08:45.583278+00:00','2026-03-05T23:29:31.700940+00:00');
INSERT INTO user_preference VALUES(X'26974fe1eebe45e8983ee7cd7ed1c218','Martus','Toluwanimi','tolu@mailer.com',X'eade09869f2a43bfba57c60c5a5c5e7c','2026-03-28T20:43:01.988967+00:00','2026-03-28T20:43:22.917814+00:00');
INSERT INTO user_preference VALUES(X'1b78fc91d03d4c0097fbd8f2943c95b3','Adefemi','Adeoye','adefemiadeoye@yahoo.com',X'ed42af204199419299e0965e2263d49e','2026-03-28T20:43:45.335958+00:00','2026-03-28T20:43:45.335958+00:00');
INSERT INTO user_preference VALUES(X'fdfd8bab8bf049ab91108c1d9fb6c15b','Redwood','Banks','opeolluwa@gmail.com',X'e4a9def41a4247609e8eb54c76d82a3d','2026-03-28T20:44:02.505638+00:00','2026-04-27T07:04:56.101274+00:00');
INSERT INTO user_preference VALUES(X'bed8a3dcf6e049feb31b64f685a3d095','Redwood','Paula','theW@mailer.com',X'8acc2c420fda43ae8636c9f39067e51d','2026-03-28T20:50:31.943096+00:00','2026-03-28T20:50:31.943097+00:00');
INSERT INTO user_preference VALUES(X'bb5033f0874a4f84b2013c23b963d51f','test','test','test@test.com',X'9385ac75dd694004b588b4e85c82558a','2026-03-28T21:12:01.905224+00:00','2026-03-28T21:12:01.905225+00:00');
INSERT INTO user_preference VALUES(X'c199d5dc28ca468c8108ea7e02e4affa','Ade','A','a@a.cp',X'6eeea35e3ab84405915a5c9038d53553','2026-04-15T09:36:11.529760+00:00','2026-04-15T09:36:11.529760+00:00');
INSERT INTO user_preference VALUES(X'd24cbbe6934b416f88e5ae8238e8da76','a','A','A@a.com',X'16426bcfb43d41b48b27204386db3d1e','2026-04-17T13:04:21.095512+00:00','2026-04-17T13:04:21.095513+00:00');
CREATE TRIGGER bookmark_sync_insert
AFTER INSERT ON bookmark
BEGIN
INSERT INTO sync_queue(identifier, table_name, record_identifier, operation, created_at)
VALUES (randomblob(16), 'bookmark', lower(hex(NEW.identifier)), 'INSERT', datetime('now'));
END;
CREATE TRIGGER bookmark_sync_update
AFTER UPDATE ON bookmark
BEGIN
INSERT INTO sync_queue(identifier, table_name, record_identifier, operation, created_at)
VALUES (randomblob(16), 'bookmark', lower(hex(NEW.identifier)), 'UPDATE', datetime('now'));
END;
CREATE TRIGGER bookmark_sync_delete
AFTER DELETE ON bookmark
BEGIN
INSERT INTO sync_queue(identifier, table_name, record_identifier, operation, created_at)
VALUES (randomblob(16), 'bookmark', lower(hex(OLD.identifier)), 'DELETE', datetime('now'));
END;
CREATE TRIGGER notes_sync_insert
AFTER INSERT ON notes
BEGIN
INSERT INTO sync_queue(identifier, table_name, record_identifier, operation, created_at)
VALUES (randomblob(16), 'notes', lower(hex(NEW.identifier)), 'INSERT', datetime('now'));
END;
CREATE TRIGGER notes_sync_update
AFTER UPDATE ON notes
BEGIN
INSERT INTO sync_queue(identifier, table_name, record_identifier, operation, created_at)
VALUES (randomblob(16), 'notes', lower(hex(NEW.identifier)), 'UPDATE', datetime('now'));
END;
CREATE TRIGGER notes_sync_delete
AFTER DELETE ON notes
BEGIN
INSERT INTO sync_queue(identifier, table_name, record_identifier, operation, created_at)
VALUES (randomblob(16), 'notes', lower(hex(OLD.identifier)), 'DELETE', datetime('now'));
END;
CREATE TRIGGER recycle_bin_sync_insert
AFTER INSERT ON recycle_bin
BEGIN
INSERT INTO sync_queue(identifier, table_name, record_identifier, operation, created_at)
VALUES (randomblob(16), 'recycle_bin', lower(hex(NEW.identifier)), 'INSERT', datetime('now'));
END;
CREATE TRIGGER recycle_bin_sync_update
AFTER UPDATE ON recycle_bin
BEGIN
INSERT INTO sync_queue(identifier, table_name, record_identifier, operation, created_at)
VALUES (randomblob(16), 'recycle_bin', lower(hex(NEW.identifier)), 'UPDATE', datetime('now'));
END;
CREATE TRIGGER recycle_bin_sync_delete
AFTER DELETE ON recycle_bin
BEGIN
INSERT INTO sync_queue(identifier, table_name, record_identifier, operation, created_at)
VALUES (randomblob(16), 'recycle_bin', lower(hex(OLD.identifier)), 'DELETE', datetime('now'));
END;
CREATE TRIGGER reminder_sync_insert
AFTER INSERT ON reminder
BEGIN
INSERT INTO sync_queue(identifier, table_name, record_identifier, operation, created_at)
VALUES (randomblob(16), 'reminder', lower(hex(NEW.identifier)), 'INSERT', datetime('now'));
END;
CREATE TRIGGER reminder_sync_update
AFTER UPDATE ON reminder
BEGIN
INSERT INTO sync_queue(identifier, table_name, record_identifier, operation, created_at)
VALUES (randomblob(16), 'reminder', lower(hex(NEW.identifier)), 'UPDATE', datetime('now'));
END;
CREATE TRIGGER reminder_sync_delete
AFTER DELETE ON reminder
BEGIN
INSERT INTO sync_queue(identifier, table_name, record_identifier, operation, created_at)
VALUES (randomblob(16), 'reminder', lower(hex(OLD.identifier)), 'DELETE', datetime('now'));
END;
CREATE TRIGGER snippets_sync_insert
AFTER INSERT ON snippets
BEGIN
INSERT INTO sync_queue(identifier, table_name, record_identifier, operation, created_at)
VALUES (randomblob(16), 'snippets', lower(hex(NEW.identifier)), 'INSERT', datetime('now'));
END;
CREATE TRIGGER snippets_sync_update
AFTER UPDATE ON snippets
BEGIN
INSERT INTO sync_queue(identifier, table_name, record_identifier, operation, created_at)
VALUES (randomblob(16), 'snippets', lower(hex(NEW.identifier)), 'UPDATE', datetime('now'));
END;
CREATE TRIGGER snippets_sync_delete
AFTER DELETE ON snippets
BEGIN
INSERT INTO sync_queue(identifier, table_name, record_identifier, operation, created_at)
VALUES (randomblob(16), 'snippets', lower(hex(OLD.identifier)), 'DELETE', datetime('now'));
END;
CREATE TRIGGER todo_sync_insert
AFTER INSERT ON todo
BEGIN
INSERT INTO sync_queue(identifier, table_name, record_identifier, operation, created_at)
VALUES (randomblob(16), 'todo', lower(hex(NEW.identifier)), 'INSERT', datetime('now'));
END;
CREATE TRIGGER todo_sync_update
AFTER UPDATE ON todo
BEGIN
INSERT INTO sync_queue(identifier, table_name, record_identifier, operation, created_at)
VALUES (randomblob(16), 'todo', lower(hex(NEW.identifier)), 'UPDATE', datetime('now'));
END;
CREATE TRIGGER todo_sync_delete
AFTER DELETE ON todo
BEGIN
INSERT INTO sync_queue(identifier, table_name, record_identifier, operation, created_at)
VALUES (randomblob(16), 'todo', lower(hex(OLD.identifier)), 'DELETE', datetime('now'));
END;
CREATE TRIGGER workspaces_sync_insert
AFTER INSERT ON workspaces
BEGIN
INSERT INTO sync_queue(identifier, table_name, record_identifier, operation, created_at)
VALUES (randomblob(16), 'workspaces', lower(hex(NEW.identifier)), 'INSERT', datetime('now'));
END;
CREATE TRIGGER workspaces_sync_update
AFTER UPDATE ON workspaces
BEGIN
INSERT INTO sync_queue(identifier, table_name, record_identifier, operation, created_at)
VALUES (randomblob(16), 'workspaces', lower(hex(NEW.identifier)), 'UPDATE', datetime('now'));
END;
CREATE TRIGGER workspaces_sync_delete
AFTER DELETE ON workspaces
BEGIN
INSERT INTO sync_queue(identifier, table_name, record_identifier, operation, created_at)
VALUES (randomblob(16), 'workspaces', lower(hex(OLD.identifier)), 'DELETE', datetime('now'));
END;
COMMIT;
